1780953359.4604702,67,2,99
1780953360.4928396,136,1,99
1780953361.527591,130,1,99
1780953362.5685768,134,1,99
1780953363.5822058,132,1,99
1780953364.6015224,130,1,99
1780953365.624982,130,1,99
1780953366.659439,134,1,99
1780953367.7081952,134,1,99
1780953368.720957,128,1,100
1780953369.7418518,132,1,99
1780953370.7611089,132,1,99
1780953371.7863257,128,1,100
1780953372.8078015,132,1,99
1780953373.823737,132,1,99
1780953374.8407066,130,1,99
1780953375.8591135,128,1,99
1780953376.8872755,134,1,99
1780953377.906225,157,1,99
1780953378.9219568,103,1,99
1780953379.9384239,132,1,99
1780953380.956157,126,1,99
1780953381.9729495,132,1,99
1780953382.9904766,130,1,99
1780953384.003804,132,1,99
1780953385.0184767,130,1,99
1780953386.0369658,130,1,99
1780953387.0505476,130,1,99
1780953388.0685768,130,1,99
1780953389.0859492,130,1,99
1780953390.1031957,130,1,99
1780953391.112629,132,1,99
1780953392.1367319,132,1,99
1780953393.1451473,128,1,100
1780953394.169803,132,1,99
1780953395.1841404,130,1,99
1780953396.2077215,130,1,99
1780953397.26204,136,1,99
1780953398.2847424,130,1,99
1780953399.3032308,132,1,99
1780953400.3338642,130,1,100
1780953401.3499885,136,1,99
1780953402.3668141,128,1,99
1780953403.3853474,130,1,99
1780953404.4196227,134,1,99
1780953405.4516907,130,1,99
1780953406.4679995,137,1,99
1780953407.494535,125,1,99
1780953408.530863,136,1,99
1780953409.5492458,130,1,99
1780953410.54969,330,65,628
1780953411.5509741,770,99,958
1780953412.551095,773,100,959
1780953413.5513587,835,100,970
1780953414.551843,807,100,965
1780953415.5529757,820,100,967
1780953416.5532358,855,100,973
1780953417.5535154,822,99,968
1780953418.5539122,815,100,967
1780953419.5547104,782,100,961
1780953420.555116,820,100,967
1780953421.5552912,783,100,961
1780953422.5560672,793,100,963
1780953423.5575454,801,100,964
1780953424.5578194,788,100,962
1780953425.5585225,817,100,967
1780953426.559705,804,100,965
1780953427.5610852,859,99,974
1780953428.5621612,852,100,973
1780953429.5628242,815,100,967
1780953430.5631683,800,100,964
1780953431.5633845,819,100,967
1780953432.5640786,853,100,973
1780953433.5648913,833,100,970
1780953434.566185,766,100,958
1780953435.5673966,822,100,968
1780953436.5675142,850,100,973
1780953437.5677247,805,100,965
1780953438.567964,851,100,973
1780953439.5680292,844,100,972
1780953440.5683389,836,100,970
1780953441.568939,796,100,963
1780953442.5691657,859,100,974
1780953443.5702574,816,100,967
1780953444.5706666,821,100,968
1780953445.5714903,786,100,961
1780953446.5728164,830,100,969
1780953447.5733674,832,100,970
1780953448.5749319,822,100,968
1780953449.5758066,824,100,968
1780953450.5762386,788,100,962
1780953451.5768962,821,100,968
1780953452.5775518,765,100,957
1780953453.5778372,802,100,964
1780953454.5786679,841,99,971
1780953455.5787892,813,100,966
1780953456.5795658,834,100,970
1780953457.580809,819,100,967
1780953458.5814583,839,100,971
1780953459.5824711,830,100,969
1780953460.5829158,825,100,968
1780953461.5835948,859,100,974
1780953462.5841222,785,100,961
1780953463.5852847,806,100,965
1780953464.5863323,803,100,964
1780953465.5878236,809,100,965
1780953466.5879183,827,100,969
1780953467.58906,787,100,962
1780953468.59013,814,100,966
1780953469.5905697,817,100,967
1780953470.5924087,823,100,968
1780953471.5931368,824,100,968
1780953472.5937464,837,100,970
1780953473.5953898,816,100,967
1780953474.595686,796,100,963
1780953475.5971665,805,100,965
1780953476.598262,812,100,966
1780953477.599862,806,100,965
1780953478.6015007,824,100,968
1780953479.601847,827,100,969
1780953480.6023378,785,100,961
1780953481.6028652,786,100,961
1780953482.6031983,839,100,971
1780953483.6035466,827,100,969
1780953484.6037633,825,100,968
1780953485.6045394,840,100,971
1780953486.60482,800,100,964
1780953487.6051583,776,100,959
1780953488.6054728,781,100,960
1780953489.6065545,845,99,972
1780953490.6071966,830,100,969
1780953491.6073468,806,100,965
1780953492.6080468,848,99,972
1780953493.6082468,828,100,969
1780953494.6102576,771,100,959
1780953495.6109893,812,100,966
1780953496.6110551,829,100,969
1780953497.6111495,796,100,963
1780953498.611431,804,100,965
1780953499.6125655,794,100,963
1780953500.6143434,836,100,970
1780953501.6152632,812,100,966
1780953502.6160612,809,100,965
1780953503.6162949,806,100,965
1780953504.617488,810,100,966
1780953505.6180844,817,100,967
1780953506.6192367,817,100,967
1780953507.619745,840,100,971
1780953508.620011,817,100,967
1780953509.6210108,840,100,971
1780953510.621797,799,100,964
1780953511.621999,829,100,969
1780953512.622743,786,100,961
1780953513.6230855,810,100,966
1780953514.6238768,828,100,969
1780953515.6258066,826,100,968
1780953516.6267545,796,100,963
1780953517.627781,846,100,972
1780953518.6286085,795,100,963
1780953519.6286414,787,100,962
1780953520.6290903,824,100,968
1780953521.6299753,813,100,966
1780953522.6301217,829,100,969
1780953523.630056,797,100,963
1780953524.6308358,803,100,964
1780953525.6315312,832,100,970
1780953526.6321328,820,100,967
1780953527.6325889,881,100,978
1780953528.6336486,832,100,970
1780953529.634339,800,100,964
1780953530.6347315,837,100,970
1780953531.6359584,810,100,966
1780953532.6360104,846,100,972
1780953533.6366777,798,100,964
1780953534.6382308,828,100,969
1780953535.6399717,809,100,965
1780953536.6408389,781,100,960
1780953537.6415174,822,100,968
1780953538.641896,852,100,973
1780953539.6419988,818,100,967
1780953540.642054,834,100,970
1780953541.6431863,849,100,972
1780953542.6444166,758,100,956
1780953543.6449902,860,100,974
1780953544.645586,819,100,967
1780953545.646059,833,100,970
1780953546.6473427,824,100,968
1780953547.647809,845,100,972
1780953548.648675,828,100,969
1780953549.648713,835,100,970
1780953550.6487994,801,100,964
1780953551.6492116,839,100,971
1780953552.6497364,837,100,970
1780953553.6501594,807,100,965
1780953554.651675,815,100,967
1780953555.652477,832,100,970
1780953556.65294,847,100,972
1780953557.6532516,858,100,974
1780953558.654026,821,100,968
1780953559.655343,830,100,969
1780953560.6557107,830,100,969
1780953561.6558077,804,100,965
1780953562.6568549,824,100,968
1780953563.6573427,827,100,969
1780953564.6587121,860,100,974
1780953565.6586902,801,100,964
1780953566.66021,776,100,959
1780953567.6604514,843,100,971
1780953568.661188,861,100,974
1780953569.6610804,811,100,966
1780953570.6612113,805,100,965
1780953571.6616538,826,100,968
1780953572.6616013,832,100,970
1780953573.6618922,816,100,967
1780953574.6630583,855,100,973
1780953575.6633048,832,100,970
1780953576.6645384,803,100,964
1780953577.6660585,779,100,960
1780953578.6665108,793,100,963
1780953579.6667593,779,100,960
1780953580.66701,858,100,974
1780953581.6681619,815,100,967
1780953582.6682491,860,100,974
1780953583.6691473,819,100,967
1780953584.6701326,860,100,974
1780953585.671036,819,100,967
1780953586.671679,817,100,967
1780953587.672174,833,100,970
1780953588.6727307,851,100,973
1780953589.6737587,846,100,972
1780953590.6739717,828,100,969
1780953591.6746619,858,100,974
1780953592.6756759,820,100,967
1780953593.6764002,822,100,968
1780953594.677286,858,100,974
1780953595.6775064,831,100,969
1780953596.6780422,831,100,969
1780953597.6788003,812,100,966
1780953598.679143,851,100,973
1780953599.6793685,835,100,970
1780953600.6797023,807,100,965
1780953601.6801496,832,100,970
1780953602.680159,809,100,965
1780953603.680936,859,100,974
1780953604.6822932,854,100,973
1780953605.68312,780,100,960
1780953606.6844978,897,100,980
1780953607.6856663,900,100,981
1780953608.6858134,831,100,969
1780953609.6866016,808,100,965
1780953610.6870046,820,100,967
1780953611.6879587,835,100,970
1780953612.6892836,849,100,972
1780953613.6893716,836,100,970
1780953614.6899707,783,100,961
1780953615.6910844,819,100,967
1780953616.6919825,826,100,968
1780953617.691891,793,100,963
1780953618.6926105,792,100,962
1780953619.6942124,801,100,964
1780953620.6950676,804,100,965
1780953621.6954834,829,100,969
1780953622.6960988,783,100,961
1780953623.6970282,820,100,967
1780953624.6978705,771,100,959
1780953625.698138,768,100,958
1780953626.6983027,803,100,964
1780953627.6998017,796,100,963
1780953628.7004967,823,100,968
1780953629.7017221,847,100,972
1780953630.7026358,790,100,962
1780953631.7026947,812,100,966
1780953632.7031329,834,100,970
1780953633.7037766,821,100,968
1780953634.7053266,773,100,959
1780953635.7061458,851,100,973
1780953636.707121,763,100,957
1780953637.7087283,829,100,969
1780953638.7101793,775,100,959
1780953639.7109933,816,100,967
1780953640.7111223,820,100,967
1780953641.7121167,797,100,963
1780953642.7130685,826,100,968
1780953643.713503,821,100,968
1780953644.7142231,837,100,970
1780953645.7145238,810,100,966
1780953646.7153015,822,100,968
1780953647.7156086,843,100,971
1780953648.7154982,850,100,973
1780953649.7163122,823,100,968
1780953650.7169669,821,100,968
1780953651.7179155,820,100,967
1780953652.7177982,806,100,965
1780953653.7179198,801,100,964
1780953654.7180073,794,100,963
1780953655.718507,853,100,973
1780953656.7192307,834,100,970
1780953657.7196705,826,100,968
1780953658.720184,765,100,957
1780953659.7201772,798,100,964
1780953660.7206857,805,100,965
1780953661.7211125,830,100,969
1780953662.7215927,802,100,964
1780953663.7216954,753,100,955
1780953664.7224746,861,100,974
1780953665.722906,863,100,975
1780953666.7241185,827,100,969
1780953667.7247262,826,100,968
1780953668.7261603,797,100,963
1780953669.7261655,836,100,970
1780953670.7267387,781,100,960
1780953671.727144,820,100,967
1780953672.7277813,809,100,965
1780953673.7283492,798,100,964
1780953674.7296712,791,100,962
1780953675.730411,863,100,975
1780953676.7311404,863,100,975
1780953677.7314634,856,100,974
1780953678.7327611,802,99,964
1780953679.733548,796,100,963
1780953680.73431,822,100,968
1780953681.735262,809,100,965
1780953682.7352052,855,100,973
1780953683.736323,860,100,974
1780953684.7368555,810,100,966
1780953685.737491,793,100,963
1780953686.737831,821,100,968
1780953687.738653,829,100,969
1780953688.7392638,855,100,973
1780953689.74022,814,100,966
1780953690.7407799,837,100,970
1780953691.7420673,833,100,970
1780953692.742332,818,100,967
1780953693.7425406,851,100,973
1780953694.74312,866,100,975
1780953695.7431643,806,100,965
1780953696.743219,842,100,971
1780953697.7441554,835,100,970
1780953698.7450082,814,100,966
1780953699.7454622,800,100,964
1780953700.7458322,817,100,967
1780953701.746601,838,100,971
1780953702.7479007,787,100,962
1780953703.7484856,786,100,961
1780953704.7497325,852,100,973
1780953705.750521,791,100,962
1780953706.7516878,832,100,970
1780953707.752176,810,100,966
1780953708.7531805,848,100,972
1780953709.7539067,829,100,969
1780953710.7544458,857,100,974
1780953711.7550101,787,100,962
1780953712.755308,842,100,971
1780953713.7560642,785,100,961
1780953714.7566626,799,100,964
1780953715.757024,834,100,970
1780953716.7576716,810,100,966
1780953717.758293,811,100,966
1780953718.7589777,812,100,966
1780953719.7591412,805,100,965
1780953720.7600796,856,100,974
1780953721.7619984,859,100,974
1780953722.7624028,805,100,965
1780953723.7628057,813,100,966
1780953724.7632413,830,100,969
1780953725.7645519,747,100,954
1780953726.7654846,788,100,962
1780953727.7656968,803,100,964
1780953728.76695,788,100,962
1780953729.768447,796,100,963
1780953730.776019,754,100,955
1780953731.7766228,811,100,966
1780953732.7770474,858,100,974
1780953733.7778277,817,99,967
1780953734.778475,814,100,966
1780953735.7793915,838,100,971
1780953736.7800238,816,100,967
1780953737.7803648,814,100,966
1780953738.780942,828,100,969
1780953739.7810082,801,100,964
1780953740.7810926,795,100,963
1780953741.7816925,805,100,965
1780953742.782703,804,100,965
1780953743.7828224,828,100,969
1780953744.7828493,818,100,967
1780953745.7830453,817,100,967
1780953746.783781,826,100,968
1780953747.7850163,790,100,962
1780953748.7852461,796,100,963
1780953749.7866473,845,100,972
1780953750.7873485,823,100,968
1780953751.7877312,824,100,968
1780953752.7882292,846,100,972
1780953753.7892754,815,100,967
1780953754.7899444,844,100,972
1780953755.7905633,877,100,977
1780953756.7906644,825,100,968
1780953757.7916057,798,100,964
1780953758.7917547,826,100,968
1780953759.7930243,830,100,969
1780953760.7935128,849,100,972
1780953761.7937267,828,100,969
1780953762.793877,841,100,971
1780953763.7942898,831,100,969
1780953764.7945373,849,100,972
1780953765.7944508,831,100,969
1780953766.7947237,849,100,972
1780953767.7950616,842,100,971
1780953768.795827,870,100,976
1780953769.796167,845,100,972
1780953770.7969828,773,100,959
1780953771.797535,786,100,961
1780953772.7984996,860,100,974
1780953773.7988977,797,100,963
1780953774.8001857,806,100,965
1780953775.8005157,796,100,963
1780953776.8010595,837,100,970
1780953777.8011453,794,100,963
1780953778.8011246,810,100,966
1780953779.8019426,862,100,975
1780953780.8021362,804,100,965
1780953781.8029387,811,100,966
1780953782.8031118,840,100,971
1780953783.8039,790,100,962
1780953784.8053174,800,100,964
1780953785.805599,833,100,970
1780953786.8062382,830,100,969
1780953787.8067,792,100,962
1780953788.8065107,813,100,966
1780953789.8066509,811,100,966
1780953790.8075147,844,100,972
1780953791.8080857,832,100,970
1780953792.8087502,838,100,971
1780953793.808803,795,100,963
1780953794.8097594,813,100,966
1780953795.8130445,826,100,968
1780953796.8130984,789,100,962
1780953797.8150914,795,100,963
1780953798.8162675,798,100,964
1780953799.8168006,813,100,966
1780953800.8171523,830,100,969
1780953801.8177176,809,100,965
1780953802.8179555,792,100,962
1780953803.8192773,819,100,967
1780953804.8209722,817,100,967
1780953805.8209195,844,100,972
1780953806.8209696,796,100,963
1780953807.821227,862,100,975
1780953808.821863,844,100,972
1780953809.822477,822,100,968
1780953810.8232095,791,100,962
1780953811.824613,778,100,960
1780953812.8246675,791,100,962
1780953813.8256903,824,100,968
1780953814.8260288,833,100,970
1780953815.8266118,828,100,969
1780953816.8280141,793,100,963
1780953817.8284302,841,100,971
1780953818.8290794,794,100,963
1780953819.8300896,848,100,972
1780953820.8305922,792,100,962
1780953821.83057,791,100,962
1780953822.8312545,788,100,962
1780953823.8324995,804,100,965
1780953824.832582,841,100,971
1780953825.8340614,862,100,975
1780953826.8348384,792,100,962
1780953827.8358371,819,100,967
1780953828.8358488,840,100,971
1780953829.8360445,779,100,960
1780953830.8374808,847,100,972
1780953831.8379776,830,100,969
1780953832.8392074,761,100,957
1780953833.8400671,776,100,959
1780953834.840718,822,100,968
1780953835.8413837,825,100,968
1780953836.8423738,814,100,966
1780953837.8428442,823,100,968
1780953838.8433573,828,100,969
1780953839.844935,830,100,969
1780953840.8453712,849,100,972
1780953841.8452098,837,100,970
1780953842.8458836,793,100,963
1780953843.8459394,831,100,969
1780953844.8465803,807,100,965
1780953845.8470037,820,100,967
1780953846.8487267,827,100,969
1780953847.8487227,828,100,969
1780953848.8488529,850,100,973
1780953849.849851,812,100,966
1780953850.8510737,819,100,967
1780953851.8512337,832,100,970
1780953852.8524277,796,100,963
1780953853.8528671,758,100,956
1780953854.8532286,798,100,964
1780953855.853961,809,100,965
1780953856.8539014,865,100,975
1780953857.8545797,795,100,963
1780953858.8555248,802,100,964
1780953859.8565712,832,100,970
1780953860.8567216,792,100,962
1780953861.8571572,768,100,958
1780953862.8576536,820,100,967
1780953863.8580394,839,100,971
1780953864.858795,830,100,969
1780953865.8595922,771,100,959
1780953866.8598764,830,100,969
1780953867.861136,810,100,966
1780953868.8622043,780,100,960
1780953869.8624237,854,100,973
1780953870.8629282,905,100,982
1780953871.8644867,772,100,959
1780953872.8651378,836,100,970
1780953873.8671017,838,100,971
1780953874.8671384,822,100,968
1780953875.8674529,819,100,967
1780953876.867698,782,100,961
1780953877.8678901,797,100,963
1780953878.8684206,833,100,970
1780953879.8685062,842,100,971
1780953880.8685758,855,100,973
1780953881.869217,848,100,972
1780953882.8697133,788,100,962
1780953883.870604,836,100,970
1780953884.871605,767,100,958
1780953885.8726988,798,100,964
1780953886.8736446,837,100,970
1780953887.8746004,818,100,967
1780953888.8747253,824,100,968
1780953889.8755767,779,100,960
1780953890.8758414,829,100,969
1780953891.8759801,803,100,964
1780953892.876086,801,100,964
1780953893.8764305,803,100,964
1780953894.8770676,781,100,960
1780953895.8772411,829,100,969
1780953896.8779712,806,100,965
1780953897.8785224,827,100,969
1780953898.8794377,793,100,963
1780953899.8804107,761,100,957
1780953900.881486,861,100,974
1780953901.8829339,803,100,964
1780953902.8831263,790,100,962
1780953903.8842762,754,100,955
1780953904.8848002,846,100,972
1780953905.8850596,829,100,969
1780953906.8850677,824,100,968
1780953907.8860965,790,100,962
1780953908.8870685,831,100,969
1780953909.8880808,788,100,962
1780953910.889412,847,100,972
1780953911.8899612,802,100,964
1780953912.890812,826,100,968
1780953913.891143,836,100,970
1780953914.89259,787,100,962
1780953915.8928952,849,100,972
1780953916.893738,777,100,960
1780953917.8941288,794,100,963
1780953918.8946757,778,100,960
1780953919.8947752,812,100,966
1780953920.8952205,825,100,968
1780953921.8957312,864,100,975
1780953922.896035,829,100,969
1780953923.8968265,825,100,968
1780953924.8969796,824,100,968
1780953925.8975363,784,100,961
1780953926.898519,834,100,970
1780953927.8986135,803,100,964
1780953928.899934,821,100,968
1780953929.900019,843,100,971
1780953930.901088,840,100,971
1780953931.9013002,826,100,968
1780953932.9022708,798,100,964
1780953933.902764,811,100,966
1780953934.9036684,851,100,973
1780953935.9042547,820,100,967
1780953936.9043195,829,100,969
1780953937.904538,774,100,959
1780953938.9047894,797,100,963
1780953939.905454,816,100,967
1780953940.9060535,789,100,962
1780953941.9064863,815,100,967
1780953942.9070427,838,100,971
1780953943.906812,850,100,973
1780953944.9082723,847,100,972
1780953945.9090765,781,100,960
1780953946.9102066,821,100,968
1780953947.9102883,789,100,962
1780953948.9104784,828,100,969
1780953949.911226,879,100,977
1780953950.9119925,841,100,971
1780953951.9124491,799,100,964
1780953952.9132152,803,100,964
1780953953.9138415,769,100,958
1780953954.914984,831,100,969
1780953955.9151564,832,100,970
1780953956.9149148,801,100,964
1780953957.9153597,850,100,973
1780953958.9158,800,100,964
1780953959.916757,841,100,971
1780953960.9166925,782,100,961
1780953961.9170408,788,100,962
1780953962.9172077,822,100,968
1780953963.9174838,816,100,967
1780953964.9177191,821,100,968
1780953965.9188228,822,100,968
1780953966.9190154,827,100,969
1780953967.9192412,836,100,970
1780953968.919772,795,100,963
1780953969.92027,808,100,965
1780953970.9208472,781,100,960
1780953971.921377,780,100,960
1780953972.9216158,778,100,960
1780953973.9223235,813,100,966
1780953974.9234757,837,100,970
1780953975.9239905,828,100,969
1780953976.9253101,828,100,969
1780953977.9258797,826,100,968
1780953978.9262125,844,100,972
1780953979.926847,860,100,974
1780953980.9274316,767,100,958
1780953981.9279802,835,100,970
1780953982.929379,825,100,968
1780953983.9299772,806,100,965
1780953984.930944,788,100,962
1780953985.9308991,819,100,967
1780953986.9316978,824,100,968
1780953987.9318516,887,100,979
1780953988.933798,841,100,971
1780953989.933999,841,100,971
1780953990.9348402,838,100,971
1780953991.9351306,812,100,966
1780953992.936047,780,100,960
1780953993.9361594,833,100,970
1780953994.9373071,814,100,966
1780953995.937926,811,100,966
1780953996.9391656,835,100,970
1780953997.940038,792,100,962
1780953998.9401853,778,100,960
1780953999.9409735,823,100,968
1780954000.9412398,832,100,970
1780954001.941514,814,100,966
1780954002.9428086,820,100,967
1780954003.9428923,760,100,956
1780954004.9430535,794,100,963
1780954005.9431612,832,100,970
1780954006.9433057,825,100,968
1780954007.9441588,804,100,965
1780954008.9442961,800,100,964
1780954009.9450603,787,100,962
1780954010.9463744,813,100,966
1780954011.9468524,777,100,960
1780954012.9472277,840,100,971
1780954013.948083,813,100,966
1780954014.9501872,841,100,971
1780954015.9502149,854,100,973
1780954016.9501002,830,100,969
1780954017.9517727,793,100,963
1780954018.9518132,794,100,963
1780954019.9529436,833,100,970
1780954020.9538043,883,100,978
1780954021.9539087,836,100,970
1780954022.9541488,808,100,965
1780954023.9544604,837,100,970
1780954024.9548388,853,100,973
1780954025.9561818,818,100,967
1780954026.9564946,842,100,971
1780954027.9573824,816,100,967
1780954028.9574282,819,100,967
1780954029.9577968,824,100,968
1780954030.9584403,795,100,963
1780954031.9593751,802,100,964
1780954032.9609747,804,100,965
