Timestamp_Epoch,Fecha_Hora,Mensaje
1780801953.9621,2026-06-06 23:12:33,ALERTA_DDOS
1780801954.9695,2026-06-06 23:12:34,ALERTA_DDOS
1780801955.9777,2026-06-06 23:12:35,ALERTA_DDOS
1780801956.9847,2026-06-06 23:12:36,ALERTA_DDOS
1780801967.0720,2026-06-06 23:12:47,ALERTA_DDOS
1780801968.0815,2026-06-06 23:12:48,ALERTA_DDOS
1780801969.0398,2026-06-06 23:12:49,ALERTA_DDOS
1780801970.0474,2026-06-06 23:12:50,ALERTA_DDOS
1780801980.1325,2026-06-06 23:13:00,ALERTA_DDOS
1780801981.1395,2026-06-06 23:13:01,ALERTA_DDOS
1780801982.1482,2026-06-06 23:13:02,ALERTA_DDOS
1780801983.1560,2026-06-06 23:13:03,ALERTA_DDOS
1780801993.1876,2026-06-06 23:13:13,ALERTA_DDOS
1780801994.1958,2026-06-06 23:13:14,ALERTA_DDOS
1780803474.2563,2026-06-06 23:37:54,ALERTA_DDOS,0.0000
1780803489.3885,2026-06-06 23:38:09,ALERTA_DDOS,0.1273
1780803490.3970,2026-06-06 23:38:10,ALERTA_DDOS,0.0000
1780803491.4088,2026-06-06 23:38:11,ALERTA_DDOS,0.0000
1780803492.4160,2026-06-06 23:38:12,ALERTA_DDOS,0.0000
1780803502.4546,2026-06-06 23:38:22,ALERTA_DDOS,0.1923
1780803503.4640,2026-06-06 23:38:23,ALERTA_DDOS,0.0000
1780803504.4684,2026-06-06 23:38:24,ALERTA_DDOS,0.0000
1780803505.4631,2026-06-06 23:38:25,ALERTA_DDOS,0.0000
1780803515.5244,2026-06-06 23:38:35,ALERTA_DDOS,0.2615
1780803516.5292,2026-06-06 23:38:36,ALERTA_DDOS,0.0000
1780803517.5374,2026-06-06 23:38:37,ALERTA_DDOS,0.0000
1780803518.5247,2026-06-06 23:38:38,ALERTA_DDOS,0.0000
1780803528.5894,2026-06-06 23:38:48,ALERTA_DDOS,0.3258
1780803529.5947,2026-06-06 23:38:49,ALERTA_DDOS,0.0000
1780803530.6028,2026-06-06 23:38:50,ALERTA_DDOS,0.0000
1780803531.6122,2026-06-06 23:38:51,ALERTA_DDOS,0.0000
1780803541.6695,2026-06-06 23:39:01,ALERTA_DDOS,0.4054
1780803542.6761,2026-06-06 23:39:02,ALERTA_DDOS,0.0000
1780803543.6844,2026-06-06 23:39:03,ALERTA_DDOS,0.0000
1780803544.6925,2026-06-06 23:39:04,ALERTA_DDOS,0.0000
1780803554.7819,2026-06-06 23:39:14,ALERTA_DDOS,0.5165
1780803555.7686,2026-06-06 23:39:15,ALERTA_DDOS,0.0000
1780803556.7745,2026-06-06 23:39:16,ALERTA_DDOS,0.0000
1780803557.7817,2026-06-06 23:39:17,ALERTA_DDOS,0.0000
1780803567.8646,2026-06-06 23:39:27,ALERTA_DDOS,0.5983
1780803568.8489,2026-06-06 23:39:28,ALERTA_DDOS,0.0000
1780803569.8575,2026-06-06 23:39:29,ALERTA_DDOS,0.0000
1780803570.8694,2026-06-06 23:39:30,ALERTA_DDOS,0.0000
1780803580.9578,2026-06-06 23:39:40,ALERTA_DDOS,0.6907
1780803581.9661,2026-06-06 23:39:41,ALERTA_DDOS,0.0000
1780803582.9604,2026-06-06 23:39:42,ALERTA_DDOS,0.0000
1780803583.9611,2026-06-06 23:39:43,ALERTA_DDOS,0.0000
1780803594.0331,2026-06-06 23:39:54,ALERTA_DDOS,0.7655
1780803595.0409,2026-06-06 23:39:55,ALERTA_DDOS,0.0000
1780803596.0540,2026-06-06 23:39:56,ALERTA_DDOS,0.0000
1780803597.0582,2026-06-06 23:39:57,ALERTA_DDOS,0.0000
1780803607.1313,2026-06-06 23:40:07,ALERTA_DDOS,0.8629
1780803608.1398,2026-06-06 23:40:08,ALERTA_DDOS,0.0000
1780803609.1476,2026-06-06 23:40:09,ALERTA_DDOS,0.0000
1780803610.1571,2026-06-06 23:40:10,ALERTA_DDOS,0.0000
1780803620.2118,2026-06-06 23:40:20,ALERTA_DDOS,0.9425
1780803621.2206,2026-06-06 23:40:21,ALERTA_DDOS,0.0000
1780803622.2278,2026-06-06 23:40:22,ALERTA_DDOS,0.0000
1780803623.2374,2026-06-06 23:40:23,ALERTA_DDOS,0.0000
1780803633.2983,2026-06-06 23:40:33,ALERTA_DDOS,1.0280
1780803634.3039,2026-06-06 23:40:34,ALERTA_DDOS,0.0000
1780803635.3107,2026-06-06 23:40:35,ALERTA_DDOS,0.0000
1780803645.3785,2026-06-06 23:40:45,ALERTA_DDOS,0.1073
1780803646.3878,2026-06-06 23:40:46,ALERTA_DDOS,0.0000
1780803647.4004,2026-06-06 23:40:47,ALERTA_DDOS,0.0000
1780803648.3879,2026-06-06 23:40:48,ALERTA_DDOS,0.0000
1780803658.4663,2026-06-06 23:40:58,ALERTA_DDOS,0.1943
1780803659.4738,2026-06-06 23:40:59,ALERTA_DDOS,0.0000
1780803660.4816,2026-06-06 23:41:00,ALERTA_DDOS,0.0000
1780803661.4692,2026-06-06 23:41:01,ALERTA_DDOS,0.0000
1780803671.5079,2026-06-06 23:41:11,ALERTA_DDOS,0.2350
1780803672.5214,2026-06-06 23:41:12,ALERTA_DDOS,0.0000
1780803673.5251,2026-06-06 23:41:13,ALERTA_DDOS,0.0000
1780803674.5137,2026-06-06 23:41:14,ALERTA_DDOS,0.0000
1780803684.5903,2026-06-06 23:41:24,ALERTA_DDOS,0.3166
1780803685.6001,2026-06-06 23:41:25,ALERTA_DDOS,0.0000
1780803686.6093,2026-06-06 23:41:26,ALERTA_DDOS,0.0000
1780803687.6163,2026-06-06 23:41:27,ALERTA_DDOS,0.0000
1780803697.6696,2026-06-06 23:41:37,ALERTA_DDOS,0.3945
1780803698.6985,2026-06-06 23:41:38,ALERTA_DDOS,0.0000
1780803699.6836,2026-06-06 23:41:39,ALERTA_DDOS,0.0000
1780803700.6926,2026-06-06 23:41:40,ALERTA_DDOS,0.0000
1780803710.7858,2026-06-06 23:41:50,ALERTA_DDOS,0.5098
1780803711.7959,2026-06-06 23:41:51,ALERTA_DDOS,0.0000
1780803712.7960,2026-06-06 23:41:52,ALERTA_DDOS,0.0000
1780803713.8049,2026-06-06 23:41:53,ALERTA_DDOS,0.0000
1780803723.8377,2026-06-06 23:42:03,ALERTA_DDOS,0.5603
1780803724.8381,2026-06-06 23:42:04,ALERTA_DDOS,0.0000
1780803725.8451,2026-06-06 23:42:05,ALERTA_DDOS,0.0000
1780803726.8586,2026-06-06 23:42:06,ALERTA_DDOS,0.0000
1780803736.9274,2026-06-06 23:42:16,ALERTA_DDOS,0.6494
1780803737.9360,2026-06-06 23:42:17,ALERTA_DDOS,0.0000
1780803738.9462,2026-06-06 23:42:18,ALERTA_DDOS,0.0000
1780803739.9558,2026-06-06 23:42:19,ALERTA_DDOS,0.0000
1780803750.0056,2026-06-06 23:42:30,ALERTA_DDOS,0.7268
1780803751.0152,2026-06-06 23:42:31,ALERTA_DDOS,0.0000
1780803752.0217,2026-06-06 23:42:32,ALERTA_DDOS,0.0000
1780803753.0323,2026-06-06 23:42:33,ALERTA_DDOS,0.0000
1780803763.0945,2026-06-06 23:42:43,ALERTA_DDOS,0.8148
1780803764.1023,2026-06-06 23:42:44,ALERTA_DDOS,0.0000
1780803765.1018,2026-06-06 23:42:45,ALERTA_DDOS,0.0000
1780803766.1109,2026-06-06 23:42:46,ALERTA_DDOS,0.0000
1780803776.1835,2026-06-06 23:42:56,ALERTA_DDOS,0.9033
1780803777.1912,2026-06-06 23:42:57,ALERTA_DDOS,0.0000
1780803778.1989,2026-06-06 23:42:58,ALERTA_DDOS,0.0000
1780803779.2086,2026-06-06 23:42:59,ALERTA_DDOS,0.0000
1780803789.2815,2026-06-06 23:43:09,ALERTA_DDOS,1.0004
1780803790.2899,2026-06-06 23:43:10,ALERTA_DDOS,0.0000
1780803791.2974,2026-06-06 23:43:11,ALERTA_DDOS,0.0000
1780803802.3652,2026-06-06 23:43:22,ALERTA_DDOS,1.0834
1780803803.3742,2026-06-06 23:43:23,ALERTA_DDOS,0.0000
1780803804.3735,2026-06-06 23:43:24,ALERTA_DDOS,0.0000
1780803814.4685,2026-06-06 23:43:34,ALERTA_DDOS,0.1857
1780803815.4793,2026-06-06 23:43:35,ALERTA_DDOS,0.0000
1780803816.4871,2026-06-06 23:43:36,ALERTA_DDOS,0.0000
1780803817.4856,2026-06-06 23:43:37,ALERTA_DDOS,0.0000
1780803827.5326,2026-06-06 23:43:47,ALERTA_DDOS,0.2490
1780803828.5203,2026-06-06 23:43:48,ALERTA_DDOS,0.0000
1780803829.5285,2026-06-06 23:43:49,ALERTA_DDOS,0.0000
1780803830.5381,2026-06-06 23:43:50,ALERTA_DDOS,0.0000
1780803840.5963,2026-06-06 23:44:00,ALERTA_DDOS,0.3122
1780803841.6038,2026-06-06 23:44:01,ALERTA_DDOS,0.0000
1780803842.6148,2026-06-06 23:44:02,ALERTA_DDOS,0.0000
1780803843.6237,2026-06-06 23:44:03,ALERTA_DDOS,0.0000
1780803853.6788,2026-06-06 23:44:13,ALERTA_DDOS,0.3942
1780803854.6900,2026-06-06 23:44:14,ALERTA_DDOS,0.0000
1780803855.6877,2026-06-06 23:44:15,ALERTA_DDOS,0.0000
1780803856.7041,2026-06-06 23:44:16,ALERTA_DDOS,0.0000
1780803866.7880,2026-06-06 23:44:26,ALERTA_DDOS,0.5028
1780803867.7844,2026-06-06 23:44:27,ALERTA_DDOS,0.0000
1780803868.7907,2026-06-06 23:44:28,ALERTA_DDOS,0.0000
1780803869.7975,2026-06-06 23:44:29,ALERTA_DDOS,0.0000
1780803879.8495,2026-06-06 23:44:39,ALERTA_DDOS,0.5637
1780803880.8425,2026-06-06 23:44:40,ALERTA_DDOS,0.0000
1780803881.8509,2026-06-06 23:44:41,ALERTA_DDOS,0.0000
1780803882.8568,2026-06-06 23:44:42,ALERTA_DDOS,0.0000
1780864823.9401,2026-06-07 16:40:23,ALERTA_DDOS,0.1535
1780864824.9296,2026-06-07 16:40:24,ALERTA_DDOS,0.0000
1780864825.9325,2026-06-07 16:40:25,ALERTA_DDOS,0.0000
1780864826.9409,2026-06-07 16:40:26,ALERTA_DDOS,0.0000
1780864836.9901,2026-06-07 16:40:36,ALERTA_DDOS,0.2011
1780864838.0032,2026-06-07 16:40:38,ALERTA_DDOS,0.0000
1780864839.0000,2026-06-07 16:40:38,ALERTA_DDOS,0.0000
1780864840.0097,2026-06-07 16:40:40,ALERTA_DDOS,0.0000
1780864850.0492,2026-06-07 16:40:50,ALERTA_DDOS,0.2554
1780864851.0543,2026-06-07 16:40:51,ALERTA_DDOS,0.0000
1780864852.0625,2026-06-07 16:40:52,ALERTA_DDOS,0.0000
1780864853.0678,2026-06-07 16:40:53,ALERTA_DDOS,0.0000
1780864863.1131,2026-06-07 16:41:03,ALERTA_DDOS,0.3155
1780864864.1164,2026-06-07 16:41:04,ALERTA_DDOS,0.0000
1780864865.1231,2026-06-07 16:41:05,ALERTA_DDOS,0.0000
1780864866.1172,2026-06-07 16:41:06,ALERTA_DDOS,0.0000
1780864876.1784,2026-06-07 16:41:16,ALERTA_DDOS,0.3801
1780864877.1858,2026-06-07 16:41:17,ALERTA_DDOS,0.0000
1780864878.1865,2026-06-07 16:41:18,ALERTA_DDOS,0.0000
1780864879.1832,2026-06-07 16:41:19,ALERTA_DDOS,0.0000
1780864889.2483,2026-06-07 16:41:29,ALERTA_DDOS,0.4324
1780864890.2468,2026-06-07 16:41:30,ALERTA_DDOS,0.0000
1780864891.2586,2026-06-07 16:41:31,ALERTA_DDOS,0.0000
1780864892.2705,2026-06-07 16:41:32,ALERTA_DDOS,0.0000
1780864902.3069,2026-06-07 16:41:42,ALERTA_DDOS,0.4900
1780864903.3097,2026-06-07 16:41:43,ALERTA_DDOS,0.0000
1780864904.3165,2026-06-07 16:41:44,ALERTA_DDOS,0.0000
1780864905.3538,2026-06-07 16:41:45,ALERTA_DDOS,0.0000
1780864915.3818,2026-06-07 16:41:55,ALERTA_DDOS,0.5641
1780864916.4028,2026-06-07 16:41:56,ALERTA_DDOS,0.0000
1780864917.3911,2026-06-07 16:41:57,ALERTA_DDOS,0.0000
1780864918.4304,2026-06-07 16:41:58,ALERTA_DDOS,0.0000
1780864928.4774,2026-06-07 16:42:08,ALERTA_DDOS,0.6582
1780864929.6479,2026-06-07 16:42:09,ALERTA_DDOS,0.0000
1780864930.4840,2026-06-07 16:42:10,ALERTA_DDOS,0.0000
1780864931.4884,2026-06-07 16:42:11,ALERTA_DDOS,0.0000
1780864941.5549,2026-06-07 16:42:21,ALERTA_DDOS,0.7350
1780864942.5492,2026-06-07 16:42:22,ALERTA_DDOS,0.0000
1780864943.5491,2026-06-07 16:42:23,ALERTA_DDOS,0.0000
1780864944.5696,2026-06-07 16:42:24,ALERTA_DDOS,0.0000
1780864954.6317,2026-06-07 16:42:34,ALERTA_DDOS,0.8113
1780864955.6341,2026-06-07 16:42:35,ALERTA_DDOS,0.0000
1780864956.6664,2026-06-07 16:42:36,ALERTA_DDOS,0.0000
1780864957.6639,2026-06-07 16:42:37,ALERTA_DDOS,0.0000
1780864967.7024,2026-06-07 16:42:47,ALERTA_DDOS,0.8793
1780864968.7119,2026-06-07 16:42:48,ALERTA_DDOS,0.0000
1780864969.7168,2026-06-07 16:42:49,ALERTA_DDOS,0.0000
1780864970.7300,2026-06-07 16:42:50,ALERTA_DDOS,0.0000
1780864980.7566,2026-06-07 16:43:00,ALERTA_DDOS,0.9207
1780864981.7591,2026-06-07 16:43:01,ALERTA_DDOS,0.0000
1780864982.7728,2026-06-07 16:43:02,ALERTA_DDOS,0.0000
1780864983.7786,2026-06-07 16:43:03,ALERTA_DDOS,0.0000
1780864993.8389,2026-06-07 16:43:13,ALERTA_DDOS,1.0021
1780864994.8455,2026-06-07 16:43:14,ALERTA_DDOS,0.0000
1780864995.8487,2026-06-07 16:43:15,ALERTA_DDOS,0.0000
1780864996.8594,2026-06-07 16:43:16,ALERTA_DDOS,0.0000
1780865006.9102,2026-06-07 16:43:26,ALERTA_DDOS,1.0730
1780865007.9201,2026-06-07 16:43:27,ALERTA_DDOS,0.0000
1780865008.9237,2026-06-07 16:43:28,ALERTA_DDOS,0.0000
1780865018.9868,2026-06-07 16:43:38,ALERTA_DDOS,0.1431
1780865019.9950,2026-06-07 16:43:39,ALERTA_DDOS,0.0000
1780865021.0181,2026-06-07 16:43:41,ALERTA_DDOS,0.0000
1780865022.0128,2026-06-07 16:43:42,ALERTA_DDOS,0.0000
1780865032.0540,2026-06-07 16:43:52,ALERTA_DDOS,0.2094
1780865033.0586,2026-06-07 16:43:53,ALERTA_DDOS,0.0000
1780865034.0702,2026-06-07 16:43:54,ALERTA_DDOS,0.0000
1780865035.0705,2026-06-07 16:43:55,ALERTA_DDOS,0.0000
1780865045.1155,2026-06-07 16:44:05,ALERTA_DDOS,0.2705
1780865046.1202,2026-06-07 16:44:06,ALERTA_DDOS,0.0000
1780865047.1327,2026-06-07 16:44:07,ALERTA_DDOS,0.0000
1780865048.1312,2026-06-07 16:44:08,ALERTA_DDOS,0.0000
1780865054.4587,2026-06-07 16:44:14,ALERTA_DDOS,0.0000
1780865069.5733,2026-06-07 16:44:29,ALERTA_DDOS,0.1127
1780865070.5780,2026-06-07 16:44:30,ALERTA_DDOS,0.0000
1780865071.6508,2026-06-07 16:44:31,ALERTA_DDOS,0.0000
1780865072.6003,2026-06-07 16:44:32,ALERTA_DDOS,0.0000
1780865082.6556,2026-06-07 16:44:42,ALERTA_DDOS,0.1943
1780865083.6583,2026-06-07 16:44:43,ALERTA_DDOS,0.0000
1780865084.6771,2026-06-07 16:44:44,ALERTA_DDOS,0.0000
1780865085.6771,2026-06-07 16:44:45,ALERTA_DDOS,0.0000
1780865095.7374,2026-06-07 16:44:55,ALERTA_DDOS,0.2752
1780865096.7244,2026-06-07 16:44:56,ALERTA_DDOS,0.0000
1780865097.7441,2026-06-07 16:44:57,ALERTA_DDOS,0.0000
1780865098.7378,2026-06-07 16:44:58,ALERTA_DDOS,0.0000
1780865108.7865,2026-06-07 16:45:08,ALERTA_DDOS,0.3227
1780865109.7882,2026-06-07 16:45:09,ALERTA_DDOS,0.0000
1780865110.8113,2026-06-07 16:45:10,ALERTA_DDOS,0.0000
1780865111.7922,2026-06-07 16:45:11,ALERTA_DDOS,0.0000
1780865121.8321,2026-06-07 16:45:21,ALERTA_DDOS,0.3617
1780865122.8586,2026-06-07 16:45:22,ALERTA_DDOS,0.0000
1780865123.8672,2026-06-07 16:45:23,ALERTA_DDOS,0.0000
1780865124.8699,2026-06-07 16:45:24,ALERTA_DDOS,0.0000
1780865134.9311,2026-06-07 16:45:34,ALERTA_DDOS,0.4598
1780865135.9397,2026-06-07 16:45:35,ALERTA_DDOS,0.0000
1780865136.9297,2026-06-07 16:45:36,ALERTA_DDOS,0.0000
1780865137.9375,2026-06-07 16:45:37,ALERTA_DDOS,0.0000
1780865161.4078,2026-06-07 16:46:01,ALERTA_DDOS,0.1623
1780865162.4010,2026-06-07 16:46:02,ALERTA_DDOS,0.0000
1780865163.4062,2026-06-07 16:46:03,ALERTA_DDOS,0.0000
1780865164.5141,2026-06-07 16:46:04,ALERTA_DDOS,0.0000
1780865174.5038,2026-06-07 16:46:14,ALERTA_DDOS,0.2341
1780865175.4727,2026-06-07 16:46:15,ALERTA_DDOS,0.0000
1780865176.4951,2026-06-07 16:46:16,ALERTA_DDOS,0.0000
1780865177.4933,2026-06-07 16:46:17,ALERTA_DDOS,0.0000
1780865187.5435,2026-06-07 16:46:27,ALERTA_DDOS,0.2705
1780865188.5591,2026-06-07 16:46:28,ALERTA_DDOS,0.0000
1780865189.5790,2026-06-07 16:46:29,ALERTA_DDOS,0.0000
1780865190.5648,2026-06-07 16:46:30,ALERTA_DDOS,0.0000
1780865200.6131,2026-06-07 16:46:40,ALERTA_DDOS,0.3376
1780865201.6194,2026-06-07 16:46:41,ALERTA_DDOS,0.0000
1780865202.6413,2026-06-07 16:46:42,ALERTA_DDOS,0.0000
1780865203.7194,2026-06-07 16:46:43,ALERTA_DDOS,0.0000
1780865213.7033,2026-06-07 16:46:53,ALERTA_DDOS,0.4268
1780865214.7187,2026-06-07 16:46:54,ALERTA_DDOS,0.0000
1780865215.7237,2026-06-07 16:46:55,ALERTA_DDOS,0.0000
1780880198.4487,2026-06-07 20:56:38,ALERTA_DDOS,0.0000
1780880213.5967,2026-06-07 20:56:53,ALERTA_DDOS,0.1300
1780880214.6053,2026-06-07 20:56:54,ALERTA_DDOS,0.0000
1780880215.6125,2026-06-07 20:56:55,ALERTA_DDOS,0.0000
1780880216.6248,2026-06-07 20:56:56,ALERTA_DDOS,0.0000
1780880226.6798,2026-06-07 20:57:06,ALERTA_DDOS,0.2127
1780880227.6903,2026-06-07 20:57:07,ALERTA_DDOS,0.0000
1780880228.6899,2026-06-07 20:57:08,ALERTA_DDOS,0.0000
1780880229.7012,2026-06-07 20:57:09,ALERTA_DDOS,0.0000
1780880239.7391,2026-06-07 20:57:19,ALERTA_DDOS,0.2711
1780880240.7488,2026-06-07 20:57:20,ALERTA_DDOS,0.0000
1780880241.7452,2026-06-07 20:57:21,ALERTA_DDOS,0.0000
1780880242.7526,2026-06-07 20:57:22,ALERTA_DDOS,0.0000
1780880252.8093,2026-06-07 20:57:32,ALERTA_DDOS,0.3405
1780880253.8027,2026-06-07 20:57:33,ALERTA_DDOS,0.0000
1780880254.8048,2026-06-07 20:57:34,ALERTA_DDOS,0.0000
1780880255.8114,2026-06-07 20:57:35,ALERTA_DDOS,0.0000
1780880265.8549,2026-06-07 20:57:45,ALERTA_DDOS,0.3858
1780880266.8631,2026-06-07 20:57:46,ALERTA_DDOS,0.0000
1780880267.8708,2026-06-07 20:57:47,ALERTA_DDOS,0.0000
1780880268.8817,2026-06-07 20:57:48,ALERTA_DDOS,0.0000
1780880278.9188,2026-06-07 20:57:58,ALERTA_DDOS,0.4489
1780880279.9242,2026-06-07 20:57:59,ALERTA_DDOS,0.0000
1780880280.9343,2026-06-07 20:58:00,ALERTA_DDOS,0.0000
1780880281.9398,2026-06-07 20:58:01,ALERTA_DDOS,0.0000
1780880291.9799,2026-06-07 20:58:11,ALERTA_DDOS,0.5090
1780880292.9852,2026-06-07 20:58:12,ALERTA_DDOS,0.0000
1780880293.9931,2026-06-07 20:58:13,ALERTA_DDOS,0.0000
1780880295.0045,2026-06-07 20:58:15,ALERTA_DDOS,0.0000
1780880305.0658,2026-06-07 20:58:25,ALERTA_DDOS,0.5941
1780880306.0652,2026-06-07 20:58:26,ALERTA_DDOS,0.0000
1780880307.0729,2026-06-07 20:58:27,ALERTA_DDOS,0.0000
1780880308.0827,2026-06-07 20:58:28,ALERTA_DDOS,0.0000
1780880318.1419,2026-06-07 20:58:38,ALERTA_DDOS,0.6698
1780880319.1511,2026-06-07 20:58:39,ALERTA_DDOS,0.0000
1780880320.1524,2026-06-07 20:58:40,ALERTA_DDOS,0.0000
1780880321.1624,2026-06-07 20:58:41,ALERTA_DDOS,0.0000
1780880331.2127,2026-06-07 20:58:51,ALERTA_DDOS,0.7394
1780880332.2189,2026-06-07 20:58:52,ALERTA_DDOS,0.0000
1780880333.2280,2026-06-07 20:58:53,ALERTA_DDOS,0.0000
1780880334.2337,2026-06-07 20:58:54,ALERTA_DDOS,0.0000
1780880344.2927,2026-06-07 20:59:04,ALERTA_DDOS,0.8185
1780880345.3016,2026-06-07 20:59:05,ALERTA_DDOS,0.0000
1780880346.3104,2026-06-07 20:59:06,ALERTA_DDOS,0.0000
1780880347.3189,2026-06-07 20:59:07,ALERTA_DDOS,0.0000
1780880357.3569,2026-06-07 20:59:17,ALERTA_DDOS,0.8822
1780880358.3635,2026-06-07 20:59:18,ALERTA_DDOS,0.0000
1780880359.3735,2026-06-07 20:59:19,ALERTA_DDOS,0.0000
1780880360.3728,2026-06-07 20:59:20,ALERTA_DDOS,0.0000
1780880370.4377,2026-06-07 20:59:30,ALERTA_DDOS,0.9623
1780880371.4479,2026-06-07 20:59:31,ALERTA_DDOS,0.0000
1780880372.4475,2026-06-07 20:59:32,ALERTA_DDOS,0.0000
1780880373.4554,2026-06-07 20:59:33,ALERTA_DDOS,0.0000
1780880383.5277,2026-06-07 20:59:43,ALERTA_DDOS,1.0517
1780880384.5424,2026-06-07 20:59:44,ALERTA_DDOS,0.0000
1780880385.5492,2026-06-07 20:59:45,ALERTA_DDOS,0.0000
1780880395.5884,2026-06-07 20:59:55,ALERTA_DDOS,0.1119
1780880396.6015,2026-06-07 20:59:56,ALERTA_DDOS,0.0000
1780880397.5842,2026-06-07 20:59:57,ALERTA_DDOS,0.0000
1780880398.5985,2026-06-07 20:59:58,ALERTA_DDOS,0.0000
1780880408.6566,2026-06-07 21:00:08,ALERTA_DDOS,0.1795
1780880409.6426,2026-06-07 21:00:09,ALERTA_DDOS,0.0000
1780880410.6655,2026-06-07 21:00:10,ALERTA_DDOS,0.0000
1780880411.6548,2026-06-07 21:00:11,ALERTA_DDOS,0.0000
1780880421.7974,2026-06-07 21:00:21,ALERTA_DDOS,0.3196
1780880422.8062,2026-06-07 21:00:22,ALERTA_DDOS,0.0000
1780880423.8120,2026-06-07 21:00:23,ALERTA_DDOS,0.0000
1780880424.8123,2026-06-07 21:00:24,ALERTA_DDOS,0.0000
1780880434.8600,2026-06-07 21:00:34,ALERTA_DDOS,0.3815
1780880435.8637,2026-06-07 21:00:35,ALERTA_DDOS,0.0000
1780880436.8740,2026-06-07 21:00:36,ALERTA_DDOS,0.0000
1780880437.8746,2026-06-07 21:00:37,ALERTA_DDOS,0.0000
1780880447.9383,2026-06-07 21:00:47,ALERTA_DDOS,0.4583
1780880448.9607,2026-06-07 21:00:48,ALERTA_DDOS,0.0000
1780880449.9504,2026-06-07 21:00:49,ALERTA_DDOS,0.0000
1780880450.9565,2026-06-07 21:00:50,ALERTA_DDOS,0.0000
1780880460.9972,2026-06-07 21:01:00,ALERTA_DDOS,0.5169
1780880462.0109,2026-06-07 21:01:02,ALERTA_DDOS,0.0000
1780880463.0042,2026-06-07 21:01:03,ALERTA_DDOS,0.0000
1780880464.0123,2026-06-07 21:01:04,ALERTA_DDOS,0.0000
1780880474.0777,2026-06-07 21:01:14,ALERTA_DDOS,0.5965
1780880475.0913,2026-06-07 21:01:15,ALERTA_DDOS,0.0000
1780880476.0963,2026-06-07 21:01:16,ALERTA_DDOS,0.0000
1780880477.0989,2026-06-07 21:01:17,ALERTA_DDOS,0.0000
1780880487.1419,2026-06-07 21:01:27,ALERTA_DDOS,0.6602
1780880488.1525,2026-06-07 21:01:28,ALERTA_DDOS,0.0000
1780880489.1582,2026-06-07 21:01:29,ALERTA_DDOS,0.0000
1780880490.1721,2026-06-07 21:01:30,ALERTA_DDOS,0.0000
1780880500.2130,2026-06-07 21:01:40,ALERTA_DDOS,0.7308
1780880501.2044,2026-06-07 21:01:41,ALERTA_DDOS,0.0000
1780880502.2111,2026-06-07 21:01:42,ALERTA_DDOS,0.0000
1780880503.2111,2026-06-07 21:01:43,ALERTA_DDOS,0.0000
1780880513.2763,2026-06-07 21:01:53,ALERTA_DDOS,0.7934
1780880514.2877,2026-06-07 21:01:54,ALERTA_DDOS,0.0000
1780880515.2855,2026-06-07 21:01:55,ALERTA_DDOS,0.0000
1780880516.2998,2026-06-07 21:01:56,ALERTA_DDOS,0.0000
1780880526.3410,2026-06-07 21:02:06,ALERTA_DDOS,0.8569
1780880527.3477,2026-06-07 21:02:07,ALERTA_DDOS,0.0000
1780880528.3702,2026-06-07 21:02:08,ALERTA_DDOS,0.0000
1780880529.3725,2026-06-07 21:02:09,ALERTA_DDOS,0.0000
1780880539.4167,2026-06-07 21:02:19,ALERTA_DDOS,0.9318
1780880540.4265,2026-06-07 21:02:20,ALERTA_DDOS,0.0000
1780880541.4282,2026-06-07 21:02:21,ALERTA_DDOS,0.0000
1780880542.4439,2026-06-07 21:02:22,ALERTA_DDOS,0.0000
1780880552.5172,2026-06-07 21:02:32,ALERTA_DDOS,1.0263
1780880553.5355,2026-06-07 21:02:33,ALERTA_DDOS,0.0000
1780880554.5494,2026-06-07 21:02:34,ALERTA_DDOS,0.0000
1780880565.5907,2026-06-07 21:02:45,ALERTA_DDOS,1.0991
1780880566.6050,2026-06-07 21:02:46,ALERTA_DDOS,0.0000
1780880567.6135,2026-06-07 21:02:47,ALERTA_DDOS,0.0000
1780880577.6525,2026-06-07 21:02:57,ALERTA_DDOS,0.1600
1780880578.6376,2026-06-07 21:02:58,ALERTA_DDOS,0.0000
1780880579.6451,2026-06-07 21:02:59,ALERTA_DDOS,0.0000
1780880580.6549,2026-06-07 21:03:00,ALERTA_DDOS,0.0000
1780880590.6931,2026-06-07 21:03:10,ALERTA_DDOS,0.2001
1780880591.7029,2026-06-07 21:03:11,ALERTA_DDOS,0.0000
1780880592.7101,2026-06-07 21:03:12,ALERTA_DDOS,0.0000
1780880593.7248,2026-06-07 21:03:13,ALERTA_DDOS,0.0000
1780880603.7587,2026-06-07 21:03:23,ALERTA_DDOS,0.2652
1780880604.7664,2026-06-07 21:03:24,ALERTA_DDOS,0.0000
1780880605.7742,2026-06-07 21:03:25,ALERTA_DDOS,0.0000
1780880606.7801,2026-06-07 21:03:26,ALERTA_DDOS,0.0000
1780880616.8421,2026-06-07 21:03:36,ALERTA_DDOS,0.3479
1780880617.8287,2026-06-07 21:03:37,ALERTA_DDOS,0.0000
1780880618.8446,2026-06-07 21:03:38,ALERTA_DDOS,0.0000
1780880619.8454,2026-06-07 21:03:39,ALERTA_DDOS,0.0000
1780880629.9027,2026-06-07 21:03:49,ALERTA_DDOS,0.4075
1780880630.9008,2026-06-07 21:03:50,ALERTA_DDOS,0.0000
1780880631.9050,2026-06-07 21:03:51,ALERTA_DDOS,0.0000
1780880632.9160,2026-06-07 21:03:52,ALERTA_DDOS,0.0000
1780880642.9663,2026-06-07 21:04:02,ALERTA_DDOS,0.4705
1780880643.9751,2026-06-07 21:04:03,ALERTA_DDOS,0.0000
1780880644.9682,2026-06-07 21:04:04,ALERTA_DDOS,0.0000
1780880645.9747,2026-06-07 21:04:05,ALERTA_DDOS,0.0000
1780880656.0315,2026-06-07 21:04:16,ALERTA_DDOS,0.5352
1780880657.0402,2026-06-07 21:04:17,ALERTA_DDOS,0.0000
1780880658.0464,2026-06-07 21:04:18,ALERTA_DDOS,0.0000
1780880659.0434,2026-06-07 21:04:19,ALERTA_DDOS,0.0000
1780880669.0859,2026-06-07 21:04:29,ALERTA_DDOS,0.5889
1780880670.0854,2026-06-07 21:04:30,ALERTA_DDOS,0.0000
1780880671.1019,2026-06-07 21:04:31,ALERTA_DDOS,0.0000
1780880672.1014,2026-06-07 21:04:32,ALERTA_DDOS,0.0000
1780880682.1465,2026-06-07 21:04:42,ALERTA_DDOS,0.6485
1780880683.1541,2026-06-07 21:04:43,ALERTA_DDOS,0.0000
1780880684.1652,2026-06-07 21:04:44,ALERTA_DDOS,0.0000
1780880685.1681,2026-06-07 21:04:45,ALERTA_DDOS,0.0000
1780880695.2287,2026-06-07 21:04:55,ALERTA_DDOS,0.7302
1780880696.2364,2026-06-07 21:04:56,ALERTA_DDOS,0.0000
1780880697.2234,2026-06-07 21:04:57,ALERTA_DDOS,0.0000
1780880698.2299,2026-06-07 21:04:58,ALERTA_DDOS,0.0000
1780880708.2888,2026-06-07 21:05:08,ALERTA_DDOS,0.7897
1780880709.2960,2026-06-07 21:05:09,ALERTA_DDOS,0.0000
1780880710.3080,2026-06-07 21:05:10,ALERTA_DDOS,0.0000
1780880711.3160,2026-06-07 21:05:11,ALERTA_DDOS,0.0000
1780880721.3683,2026-06-07 21:05:21,ALERTA_DDOS,0.8684
1780880722.3616,2026-06-07 21:05:22,ALERTA_DDOS,0.0000
1780880723.3694,2026-06-07 21:05:23,ALERTA_DDOS,0.0000
1780880724.3736,2026-06-07 21:05:24,ALERTA_DDOS,0.0000
1780880734.4146,2026-06-07 21:05:34,ALERTA_DDOS,0.9142
1780880735.4317,2026-06-07 21:05:35,ALERTA_DDOS,0.0000
1780880736.4374,2026-06-07 21:05:36,ALERTA_DDOS,0.0000
1780880737.4438,2026-06-07 21:05:37,ALERTA_DDOS,0.0000
1780880747.5001,2026-06-07 21:05:47,ALERTA_DDOS,0.9988
1780880748.5068,2026-06-07 21:05:48,ALERTA_DDOS,0.0000
1780880749.5142,2026-06-07 21:05:49,ALERTA_DDOS,0.0000
1780880750.5015,2026-06-07 21:05:50,ALERTA_DDOS,0.0000
1780880760.5686,2026-06-07 21:06:00,ALERTA_DDOS,1.0663
1780880761.5670,2026-06-07 21:06:01,ALERTA_DDOS,0.0000
1780880762.5774,2026-06-07 21:06:02,ALERTA_DDOS,0.0000
1780880772.6373,2026-06-07 21:06:12,ALERTA_DDOS,0.1344
1780880773.6429,2026-06-07 21:06:13,ALERTA_DDOS,0.0000
1780880774.6405,2026-06-07 21:06:14,ALERTA_DDOS,0.0000
1780880775.6401,2026-06-07 21:06:15,ALERTA_DDOS,0.0000
1780880785.7031,2026-06-07 21:06:25,ALERTA_DDOS,0.1994
1780880786.7118,2026-06-07 21:06:26,ALERTA_DDOS,0.0000
1780880787.7117,2026-06-07 21:06:27,ALERTA_DDOS,0.0000
1780880788.7178,2026-06-07 21:06:28,ALERTA_DDOS,0.0000
1780880798.7687,2026-06-07 21:06:38,ALERTA_DDOS,0.2640
1780880799.7766,2026-06-07 21:06:39,ALERTA_DDOS,0.0000
1780880800.7592,2026-06-07 21:06:40,ALERTA_DDOS,0.0000
1780880801.7661,2026-06-07 21:06:41,ALERTA_DDOS,0.0000
1780880811.8237,2026-06-07 21:06:51,ALERTA_DDOS,0.3185
1780880812.8342,2026-06-07 21:06:52,ALERTA_DDOS,0.0000
1780880813.8434,2026-06-07 21:06:53,ALERTA_DDOS,0.0000
1780880814.8511,2026-06-07 21:06:54,ALERTA_DDOS,0.0000
1780880824.9062,2026-06-07 21:07:04,ALERTA_DDOS,0.4000
1780880825.9125,2026-06-07 21:07:05,ALERTA_DDOS,0.0000
1780880826.9198,2026-06-07 21:07:06,ALERTA_DDOS,0.0000
1780880827.9275,2026-06-07 21:07:07,ALERTA_DDOS,0.0000
1780880837.9870,2026-06-07 21:07:17,ALERTA_DDOS,0.4805
1780880838.9843,2026-06-07 21:07:18,ALERTA_DDOS,0.0000
1780880839.9826,2026-06-07 21:07:19,ALERTA_DDOS,0.0000
1780880840.9975,2026-06-07 21:07:20,ALERTA_DDOS,0.0000
1780880851.0250,2026-06-07 21:07:31,ALERTA_DDOS,0.5180
1780880852.0295,2026-06-07 21:07:32,ALERTA_DDOS,0.0000
1780880853.0352,2026-06-07 21:07:33,ALERTA_DDOS,0.0000
1780880854.0297,2026-06-07 21:07:34,ALERTA_DDOS,0.0000
1780880864.0696,2026-06-07 21:07:44,ALERTA_DDOS,0.5612
1780880865.0782,2026-06-07 21:07:45,ALERTA_DDOS,0.0000
1780880866.0834,2026-06-07 21:07:46,ALERTA_DDOS,0.0000
1780880867.0728,2026-06-07 21:07:47,ALERTA_DDOS,0.0000
1780880877.1328,2026-06-07 21:07:57,ALERTA_DDOS,0.6239
1780880878.1283,2026-06-07 21:07:58,ALERTA_DDOS,0.0000
1780880879.1344,2026-06-07 21:07:59,ALERTA_DDOS,0.0000
1780880880.1428,2026-06-07 21:08:00,ALERTA_DDOS,0.0000
1780880890.1772,2026-06-07 21:08:10,ALERTA_DDOS,0.6678
1780880891.1770,2026-06-07 21:08:11,ALERTA_DDOS,0.0000
1780880892.1816,2026-06-07 21:08:12,ALERTA_DDOS,0.0000
1780880893.1906,2026-06-07 21:08:13,ALERTA_DDOS,0.0000
1780880903.2259,2026-06-07 21:08:23,ALERTA_DDOS,0.7158
1780880904.2332,2026-06-07 21:08:24,ALERTA_DDOS,0.0000
1780880905.2400,2026-06-07 21:08:25,ALERTA_DDOS,0.0000
1780880906.2557,2026-06-07 21:08:26,ALERTA_DDOS,0.0000
1780880916.2910,2026-06-07 21:08:36,ALERTA_DDOS,0.7804
1780880917.3047,2026-06-07 21:08:37,ALERTA_DDOS,0.0000
1780880918.3043,2026-06-07 21:08:38,ALERTA_DDOS,0.0000
1780880919.2996,2026-06-07 21:08:39,ALERTA_DDOS,0.0000
1780880929.3568,2026-06-07 21:08:49,ALERTA_DDOS,0.8456
1780880930.3637,2026-06-07 21:08:50,ALERTA_DDOS,0.0000
1780880931.3587,2026-06-07 21:08:51,ALERTA_DDOS,0.0000
1780880932.3647,2026-06-07 21:08:52,ALERTA_DDOS,0.0000
1780880942.4209,2026-06-07 21:09:02,ALERTA_DDOS,0.9094
1780880943.4257,2026-06-07 21:09:03,ALERTA_DDOS,0.0000
1780880944.4225,2026-06-07 21:09:04,ALERTA_DDOS,0.0000
1780880945.4315,2026-06-07 21:09:05,ALERTA_DDOS,0.0000
1780880955.4711,2026-06-07 21:09:15,ALERTA_DDOS,0.9585
1780880956.4783,2026-06-07 21:09:16,ALERTA_DDOS,0.0000
1780880957.4713,2026-06-07 21:09:17,ALERTA_DDOS,0.0000
1780880958.4769,2026-06-07 21:09:18,ALERTA_DDOS,0.0000
1780880968.5171,2026-06-07 21:09:28,ALERTA_DDOS,1.0038
1780880969.5206,2026-06-07 21:09:29,ALERTA_DDOS,0.0000
1780880970.5163,2026-06-07 21:09:30,ALERTA_DDOS,0.0000
1780880971.5240,2026-06-07 21:09:31,ALERTA_DDOS,0.0000
1780880981.5609,2026-06-07 21:09:41,ALERTA_DDOS,1.0470
1780880982.5751,2026-06-07 21:09:42,ALERTA_DDOS,0.0000
1780880983.5758,2026-06-07 21:09:43,ALERTA_DDOS,0.0000
1780880993.6394,2026-06-07 21:09:53,ALERTA_DDOS,0.1250
1780880994.6477,2026-06-07 21:09:54,ALERTA_DDOS,0.0000
1780880995.6508,2026-06-07 21:09:55,ALERTA_DDOS,0.0000
1780880996.6647,2026-06-07 21:09:56,ALERTA_DDOS,0.0000
1780881006.7028,2026-06-07 21:10:06,ALERTA_DDOS,0.1880
1780881007.7095,2026-06-07 21:10:07,ALERTA_DDOS,0.0000
1780881008.7169,2026-06-07 21:10:08,ALERTA_DDOS,0.0000
1780881009.7279,2026-06-07 21:10:09,ALERTA_DDOS,0.0000
1780881019.7706,2026-06-07 21:10:19,ALERTA_DDOS,0.2552
1780881020.7761,2026-06-07 21:10:20,ALERTA_DDOS,0.0000
1780881021.7847,2026-06-07 21:10:21,ALERTA_DDOS,0.0000
1780881022.7692,2026-06-07 21:10:22,ALERTA_DDOS,0.0000
1780881032.8143,2026-06-07 21:10:32,ALERTA_DDOS,0.2982
1780881033.8193,2026-06-07 21:10:33,ALERTA_DDOS,0.0000
1780881034.8345,2026-06-07 21:10:34,ALERTA_DDOS,0.0000
1780881035.8220,2026-06-07 21:10:35,ALERTA_DDOS,0.0000
1780881045.8815,2026-06-07 21:10:45,ALERTA_DDOS,0.3647
1780881046.8885,2026-06-07 21:10:46,ALERTA_DDOS,0.0000
1780881047.8955,2026-06-07 21:10:47,ALERTA_DDOS,0.0000
1780881048.8813,2026-06-07 21:10:48,ALERTA_DDOS,0.0000
1780881058.9407,2026-06-07 21:10:58,ALERTA_DDOS,0.4231
1780881059.9463,2026-06-07 21:10:59,ALERTA_DDOS,0.0000
1780881060.9571,2026-06-07 21:11:00,ALERTA_DDOS,0.0000
1780881061.9510,2026-06-07 21:11:01,ALERTA_DDOS,0.0000
1780881072.0067,2026-06-07 21:11:12,ALERTA_DDOS,0.4883
1780881073.0116,2026-06-07 21:11:13,ALERTA_DDOS,0.0000
1780881074.0074,2026-06-07 21:11:14,ALERTA_DDOS,0.0000
1780881075.0147,2026-06-07 21:11:15,ALERTA_DDOS,0.0000
1780881085.0716,2026-06-07 21:11:25,ALERTA_DDOS,0.5528
1780881086.0775,2026-06-07 21:11:26,ALERTA_DDOS,0.0000
1780881087.0905,2026-06-07 21:11:27,ALERTA_DDOS,0.0000
1780881088.0949,2026-06-07 21:11:28,ALERTA_DDOS,0.0000
1780881098.1522,2026-06-07 21:11:38,ALERTA_DDOS,0.6322
1780881099.1642,2026-06-07 21:11:39,ALERTA_DDOS,0.0000
1780881100.1461,2026-06-07 21:11:40,ALERTA_DDOS,0.0000
1780881101.1604,2026-06-07 21:11:41,ALERTA_DDOS,0.0000
1780881111.2047,2026-06-07 21:11:51,ALERTA_DDOS,0.6838
1780881112.2072,2026-06-07 21:11:52,ALERTA_DDOS,0.0000
1780881113.2180,2026-06-07 21:11:53,ALERTA_DDOS,0.0000
1780881114.2179,2026-06-07 21:11:54,ALERTA_DDOS,0.0000
1780881124.2780,2026-06-07 21:12:04,ALERTA_DDOS,0.7563
1780881125.2712,2026-06-07 21:12:05,ALERTA_DDOS,0.0000
1780881126.2785,2026-06-07 21:12:06,ALERTA_DDOS,0.0000
1780881127.2822,2026-06-07 21:12:07,ALERTA_DDOS,0.0000
1780881137.3302,2026-06-07 21:12:17,ALERTA_DDOS,0.8077
1780881138.3235,2026-06-07 21:12:18,ALERTA_DDOS,0.0000
1780881139.3291,2026-06-07 21:12:19,ALERTA_DDOS,0.0000
1780881140.3348,2026-06-07 21:12:20,ALERTA_DDOS,0.0000
1780881150.3822,2026-06-07 21:12:30,ALERTA_DDOS,0.8590
1780881151.3654,2026-06-07 21:12:31,ALERTA_DDOS,0.0000
1780881152.3709,2026-06-07 21:12:32,ALERTA_DDOS,0.0000
1780881153.3800,2026-06-07 21:12:33,ALERTA_DDOS,0.0000
1780881163.4364,2026-06-07 21:12:43,ALERTA_DDOS,0.9125
1780881164.4325,2026-06-07 21:12:44,ALERTA_DDOS,0.0000
1780881165.4398,2026-06-07 21:12:45,ALERTA_DDOS,0.0000
1780881166.4475,2026-06-07 21:12:46,ALERTA_DDOS,0.0000
1780881176.5038,2026-06-07 21:12:56,ALERTA_DDOS,0.9792
1780881177.5171,2026-06-07 21:12:57,ALERTA_DDOS,0.0000
1780881178.5207,2026-06-07 21:12:58,ALERTA_DDOS,0.0000
1780881179.5306,2026-06-07 21:12:59,ALERTA_DDOS,0.0000
1780881189.5640,2026-06-07 21:13:09,ALERTA_DDOS,1.0393
1780881190.5785,2026-06-07 21:13:10,ALERTA_DDOS,0.0000
1780881191.5844,2026-06-07 21:13:11,ALERTA_DDOS,0.0000
1780881201.6217,2026-06-07 21:13:21,ALERTA_DDOS,0.0956
1780881202.6363,2026-06-07 21:13:22,ALERTA_DDOS,0.0000
1780881203.6443,2026-06-07 21:13:23,ALERTA_DDOS,0.0000
1780881204.6508,2026-06-07 21:13:24,ALERTA_DDOS,0.0000
1780881214.6753,2026-06-07 21:13:34,ALERTA_DDOS,0.1482
1780881215.6829,2026-06-07 21:13:35,ALERTA_DDOS,0.0000
1780881216.6896,2026-06-07 21:13:36,ALERTA_DDOS,0.0000
1780881217.6942,2026-06-07 21:13:37,ALERTA_DDOS,0.0000
1780881227.7493,2026-06-07 21:13:47,ALERTA_DDOS,0.2212
1780881228.7569,2026-06-07 21:13:48,ALERTA_DDOS,0.0000
1780881229.7520,2026-06-07 21:13:49,ALERTA_DDOS,0.0000
1780881230.7567,2026-06-07 21:13:50,ALERTA_DDOS,0.0000
1780881240.8145,2026-06-07 21:14:00,ALERTA_DDOS,0.2853
1780881241.8259,2026-06-07 21:14:01,ALERTA_DDOS,0.0000
1780881242.8291,2026-06-07 21:14:02,ALERTA_DDOS,0.0000
1780881243.8250,2026-06-07 21:14:03,ALERTA_DDOS,0.0000
1780881253.8871,2026-06-07 21:14:13,ALERTA_DDOS,0.3568
1780881254.8730,2026-06-07 21:14:14,ALERTA_DDOS,0.0000
1780881255.8837,2026-06-07 21:14:15,ALERTA_DDOS,0.0000
1780881256.8924,2026-06-07 21:14:16,ALERTA_DDOS,0.0000
1780881266.9349,2026-06-07 21:14:26,ALERTA_DDOS,0.4040
1780881267.9411,2026-06-07 21:14:27,ALERTA_DDOS,0.0000
1780881268.9437,2026-06-07 21:14:28,ALERTA_DDOS,0.0000
1780881269.9503,2026-06-07 21:14:29,ALERTA_DDOS,0.0000
1780881280.0088,2026-06-07 21:14:40,ALERTA_DDOS,0.4771
1780881281.0215,2026-06-07 21:14:41,ALERTA_DDOS,0.0000
1780881282.0238,2026-06-07 21:14:42,ALERTA_DDOS,0.0000
1780881283.0176,2026-06-07 21:14:43,ALERTA_DDOS,0.0000
1780881293.0727,2026-06-07 21:14:53,ALERTA_DDOS,0.5402
1780881294.0808,2026-06-07 21:14:54,ALERTA_DDOS,0.0000
1780881295.0695,2026-06-07 21:14:55,ALERTA_DDOS,0.0000
1780881296.0777,2026-06-07 21:14:56,ALERTA_DDOS,0.0000
1780881306.1373,2026-06-07 21:15:06,ALERTA_DDOS,0.6042
1780881307.1484,2026-06-07 21:15:07,ALERTA_DDOS,0.0000
1780881308.1363,2026-06-07 21:15:08,ALERTA_DDOS,0.0000
1780881309.1440,2026-06-07 21:15:09,ALERTA_DDOS,0.0000
1780881319.1979,2026-06-07 21:15:19,ALERTA_DDOS,0.6641
1780881320.2060,2026-06-07 21:15:20,ALERTA_DDOS,0.0000
1780881321.2134,2026-06-07 21:15:21,ALERTA_DDOS,0.0000
1780881322.2070,2026-06-07 21:15:22,ALERTA_DDOS,0.0000
1780881332.2703,2026-06-07 21:15:32,ALERTA_DDOS,0.7359
1780881333.2755,2026-06-07 21:15:33,ALERTA_DDOS,0.0000
1780881334.2829,2026-06-07 21:15:34,ALERTA_DDOS,0.0000
1780881335.2773,2026-06-07 21:15:35,ALERTA_DDOS,0.0000
1780881345.3314,2026-06-07 21:15:45,ALERTA_DDOS,0.7964
1780881346.3379,2026-06-07 21:15:46,ALERTA_DDOS,0.0000
1780881347.3507,2026-06-07 21:15:47,ALERTA_DDOS,0.0000
1780881348.3556,2026-06-07 21:15:48,ALERTA_DDOS,0.0000
1780881358.3907,2026-06-07 21:15:58,ALERTA_DDOS,0.8551
1780881359.4015,2026-06-07 21:15:59,ALERTA_DDOS,0.0000
1780881360.4094,2026-06-07 21:16:00,ALERTA_DDOS,0.0000
1780881361.4180,2026-06-07 21:16:01,ALERTA_DDOS,0.0000
1780881371.4646,2026-06-07 21:16:11,ALERTA_DDOS,0.9274
1780881372.4687,2026-06-07 21:16:12,ALERTA_DDOS,0.0000
1780881373.4720,2026-06-07 21:16:13,ALERTA_DDOS,0.0000
1780881374.4792,2026-06-07 21:16:14,ALERTA_DDOS,0.0000
1780881384.5201,2026-06-07 21:16:24,ALERTA_DDOS,0.9819
1780881385.5333,2026-06-07 21:16:25,ALERTA_DDOS,0.0000
1780881386.5375,2026-06-07 21:16:26,ALERTA_DDOS,0.0000
1780881387.5339,2026-06-07 21:16:27,ALERTA_DDOS,0.0000
1780881397.5752,2026-06-07 21:16:37,ALERTA_DDOS,1.0365
1780881398.5815,2026-06-07 21:16:38,ALERTA_DDOS,0.0000
1780881399.5913,2026-06-07 21:16:39,ALERTA_DDOS,0.0000
1780881409.6435,2026-06-07 21:16:49,ALERTA_DDOS,0.1043
1780881410.6693,2026-06-07 21:16:50,ALERTA_DDOS,0.0000
1780881411.6532,2026-06-07 21:16:51,ALERTA_DDOS,0.0000
1780881412.6625,2026-06-07 21:16:52,ALERTA_DDOS,0.0000
1780881422.7041,2026-06-07 21:17:02,ALERTA_DDOS,0.1642
1780881423.7108,2026-06-07 21:17:03,ALERTA_DDOS,0.0000
1780881424.7197,2026-06-07 21:17:04,ALERTA_DDOS,0.0000
1780881425.7096,2026-06-07 21:17:05,ALERTA_DDOS,0.0000
1780881435.7713,2026-06-07 21:17:15,ALERTA_DDOS,0.2308
1780881436.7803,2026-06-07 21:17:16,ALERTA_DDOS,0.0000
1780881437.7898,2026-06-07 21:17:17,ALERTA_DDOS,0.0000
1780881438.7728,2026-06-07 21:17:18,ALERTA_DDOS,0.0000
1780881448.8202,2026-06-07 21:17:28,ALERTA_DDOS,0.2792
1780881449.8287,2026-06-07 21:17:29,ALERTA_DDOS,0.0000
1780881450.8393,2026-06-07 21:17:30,ALERTA_DDOS,0.0000
1780881451.8448,2026-06-07 21:17:31,ALERTA_DDOS,0.0000
1780881461.9007,2026-06-07 21:17:41,ALERTA_DDOS,0.3591
1780881462.8885,2026-06-07 21:17:42,ALERTA_DDOS,0.0000
1780881463.9026,2026-06-07 21:17:43,ALERTA_DDOS,0.0000
1780881464.9071,2026-06-07 21:17:44,ALERTA_DDOS,0.0000
1780881474.9498,2026-06-07 21:17:54,ALERTA_DDOS,0.4077
1780881475.9561,2026-06-07 21:17:55,ALERTA_DDOS,0.0000
1780881476.9619,2026-06-07 21:17:56,ALERTA_DDOS,0.0000
1780881477.9487,2026-06-07 21:17:57,ALERTA_DDOS,0.0000
1780881488.0157,2026-06-07 21:18:08,ALERTA_DDOS,0.4729
1780881489.0242,2026-06-07 21:18:09,ALERTA_DDOS,0.0000
1780881490.0071,2026-06-07 21:18:10,ALERTA_DDOS,0.0000
1780881491.0162,2026-06-07 21:18:11,ALERTA_DDOS,0.0000
1780881501.0868,2026-06-07 21:18:21,ALERTA_DDOS,0.5436
1780881502.0797,2026-06-07 21:18:22,ALERTA_DDOS,0.0000
1780881503.0866,2026-06-07 21:18:23,ALERTA_DDOS,0.0000
1780881504.0937,2026-06-07 21:18:24,ALERTA_DDOS,0.0000
1780881514.1599,2026-06-07 21:18:34,ALERTA_DDOS,0.6161
1780881515.1614,2026-06-07 21:18:35,ALERTA_DDOS,0.0000
1780881516.1671,2026-06-07 21:18:36,ALERTA_DDOS,0.0000
1780881517.1801,2026-06-07 21:18:37,ALERTA_DDOS,0.0000
1780881527.2155,2026-06-07 21:18:47,ALERTA_DDOS,0.6709
1780881528.2233,2026-06-07 21:18:48,ALERTA_DDOS,0.0000
1780881529.2183,2026-06-07 21:18:49,ALERTA_DDOS,0.0000
1780881530.2254,2026-06-07 21:18:50,ALERTA_DDOS,0.0000
1780881540.2823,2026-06-07 21:19:00,ALERTA_DDOS,0.7366
1780881541.2885,2026-06-07 21:19:01,ALERTA_DDOS,0.0000
1780881542.2972,2026-06-07 21:19:02,ALERTA_DDOS,0.0000
1780881543.3051,2026-06-07 21:19:03,ALERTA_DDOS,0.0000
1780881553.3598,2026-06-07 21:19:13,ALERTA_DDOS,0.8134
1780881554.3566,2026-06-07 21:19:14,ALERTA_DDOS,0.0000
1780881555.3646,2026-06-07 21:19:15,ALERTA_DDOS,0.0000
1780881556.3732,2026-06-07 21:19:16,ALERTA_DDOS,0.0000
1780881566.4282,2026-06-07 21:19:26,ALERTA_DDOS,0.8813
1780881567.4306,2026-06-07 21:19:27,ALERTA_DDOS,0.0000
1780881568.4470,2026-06-07 21:19:28,ALERTA_DDOS,0.0000
1780881569.4463,2026-06-07 21:19:29,ALERTA_DDOS,0.0000
1780881579.5136,2026-06-07 21:19:39,ALERTA_DDOS,0.9664
1780881580.5153,2026-06-07 21:19:40,ALERTA_DDOS,0.0000
1780881581.5216,2026-06-07 21:19:41,ALERTA_DDOS,0.0000
1780881582.5100,2026-06-07 21:19:42,ALERTA_DDOS,0.0000
1780881592.5852,2026-06-07 21:19:52,ALERTA_DDOS,1.0370
1780881593.5826,2026-06-07 21:19:53,ALERTA_DDOS,0.0000
1780881594.5897,2026-06-07 21:19:54,ALERTA_DDOS,0.0000
1780881604.6395,2026-06-07 21:20:04,ALERTA_DDOS,0.0905
1780881605.6484,2026-06-07 21:20:05,ALERTA_DDOS,0.0000
1780881606.6570,2026-06-07 21:20:06,ALERTA_DDOS,0.0000
1780881607.6520,2026-06-07 21:20:07,ALERTA_DDOS,0.0000
1780881617.6928,2026-06-07 21:20:17,ALERTA_DDOS,0.1430
1780881618.7009,2026-06-07 21:20:18,ALERTA_DDOS,0.0000
1780881619.7066,2026-06-07 21:20:19,ALERTA_DDOS,0.0000
1780881620.7150,2026-06-07 21:20:20,ALERTA_DDOS,0.0000
1780881630.7701,2026-06-07 21:20:30,ALERTA_DDOS,0.2196
1780881631.7682,2026-06-07 21:20:31,ALERTA_DDOS,0.0000
1780881632.7750,2026-06-07 21:20:32,ALERTA_DDOS,0.0000
1780881633.7803,2026-06-07 21:20:33,ALERTA_DDOS,0.0000
1780881643.8417,2026-06-07 21:20:43,ALERTA_DDOS,0.2906
1780881644.8491,2026-06-07 21:20:44,ALERTA_DDOS,0.0000
1780881645.8463,2026-06-07 21:20:45,ALERTA_DDOS,0.0000
1780881646.8593,2026-06-07 21:20:46,ALERTA_DDOS,0.0000
1780881656.9196,2026-06-07 21:20:56,ALERTA_DDOS,0.3675
1780881657.9046,2026-06-07 21:20:57,ALERTA_DDOS,0.0000
1780881658.9122,2026-06-07 21:20:58,ALERTA_DDOS,0.0000
1780881659.9221,2026-06-07 21:20:59,ALERTA_DDOS,0.0000
1780881669.9946,2026-06-07 21:21:09,ALERTA_DDOS,0.4416
1780881670.9889,2026-06-07 21:21:10,ALERTA_DDOS,0.0000
1780881671.9942,2026-06-07 21:21:11,ALERTA_DDOS,0.0000
1780881673.0017,2026-06-07 21:21:13,ALERTA_DDOS,0.0000
1780881683.0788,2026-06-07 21:21:23,ALERTA_DDOS,0.5249
1780881684.0878,2026-06-07 21:21:24,ALERTA_DDOS,0.0000
1780881685.0767,2026-06-07 21:21:25,ALERTA_DDOS,0.0000
1780881686.0851,2026-06-07 21:21:26,ALERTA_DDOS,0.0000
1780881696.1361,2026-06-07 21:21:36,ALERTA_DDOS,0.5815
1780881697.1472,2026-06-07 21:21:37,ALERTA_DDOS,0.0000
1780881698.1517,2026-06-07 21:21:38,ALERTA_DDOS,0.0000
1780881699.1504,2026-06-07 21:21:39,ALERTA_DDOS,0.0000
1780881709.2218,2026-06-07 21:21:49,ALERTA_DDOS,0.6661
1780881710.2305,2026-06-07 21:21:50,ALERTA_DDOS,0.0000
1780881711.2231,2026-06-07 21:21:51,ALERTA_DDOS,0.0000
1780881712.2292,2026-06-07 21:21:52,ALERTA_DDOS,0.0000
1780881722.2864,2026-06-07 21:22:02,ALERTA_DDOS,0.7301
1780881723.2937,2026-06-07 21:22:03,ALERTA_DDOS,0.0000
1780881724.2991,2026-06-07 21:22:04,ALERTA_DDOS,0.0000
1780881725.2947,2026-06-07 21:22:05,ALERTA_DDOS,0.0000
1780881735.3661,2026-06-07 21:22:15,ALERTA_DDOS,0.8090
1780881736.3733,2026-06-07 21:22:16,ALERTA_DDOS,0.0000
1780881737.3794,2026-06-07 21:22:17,ALERTA_DDOS,0.0000
1780881738.3667,2026-06-07 21:22:18,ALERTA_DDOS,0.0000
1780881748.4259,2026-06-07 21:22:28,ALERTA_DDOS,0.8685
1780881749.4321,2026-06-07 21:22:29,ALERTA_DDOS,0.0000
1780881750.4447,2026-06-07 21:22:30,ALERTA_DDOS,0.0000
1780881751.4505,2026-06-07 21:22:31,ALERTA_DDOS,0.0000
1780881761.5051,2026-06-07 21:22:41,ALERTA_DDOS,0.9472
1780881762.5181,2026-06-07 21:22:42,ALERTA_DDOS,0.0000
1780881763.5253,2026-06-07 21:22:43,ALERTA_DDOS,0.0000
1780881764.5264,2026-06-07 21:22:44,ALERTA_DDOS,0.0000
1780881774.5939,2026-06-07 21:22:54,ALERTA_DDOS,1.0355
1780881775.6019,2026-06-07 21:22:55,ALERTA_DDOS,0.0000
1780881776.6026,2026-06-07 21:22:56,ALERTA_DDOS,0.0000
1780881786.6644,2026-06-07 21:23:06,ALERTA_DDOS,0.1056
1780881787.6689,2026-06-07 21:23:07,ALERTA_DDOS,0.0000
1780881788.6572,2026-06-07 21:23:08,ALERTA_DDOS,0.0000
1780881789.6647,2026-06-07 21:23:09,ALERTA_DDOS,0.0000
1780881799.7368,2026-06-07 21:23:19,ALERTA_DDOS,0.1770
1780881800.7330,2026-06-07 21:23:20,ALERTA_DDOS,0.0000
1780881801.7376,2026-06-07 21:23:21,ALERTA_DDOS,0.0000
1780881802.7454,2026-06-07 21:23:22,ALERTA_DDOS,0.0000
1780881812.8070,2026-06-07 21:23:32,ALERTA_DDOS,0.2465
1780881813.8165,2026-06-07 21:23:33,ALERTA_DDOS,0.0000
1780881814.8255,2026-06-07 21:23:34,ALERTA_DDOS,0.0000
1780881815.8321,2026-06-07 21:23:35,ALERTA_DDOS,0.0000
1780881825.8830,2026-06-07 21:23:45,ALERTA_DDOS,0.3212
1780881826.8911,2026-06-07 21:23:46,ALERTA_DDOS,0.0000
1780881827.8989,2026-06-07 21:23:47,ALERTA_DDOS,0.0000
1780881828.9030,2026-06-07 21:23:48,ALERTA_DDOS,0.0000
1780881838.9705,2026-06-07 21:23:58,ALERTA_DDOS,0.4078
1780881839.9768,2026-06-07 21:23:59,ALERTA_DDOS,0.0000
1780881840.9665,2026-06-07 21:24:00,ALERTA_DDOS,0.0000
1780881841.9751,2026-06-07 21:24:01,ALERTA_DDOS,0.0000
1780881852.0162,2026-06-07 21:24:12,ALERTA_DDOS,0.4532
1780881853.0004,2026-06-07 21:24:13,ALERTA_DDOS,0.0000
1780881854.0152,2026-06-07 21:24:14,ALERTA_DDOS,0.0000
1780881855.0235,2026-06-07 21:24:15,ALERTA_DDOS,0.0000
1780881865.0792,2026-06-07 21:24:25,ALERTA_DDOS,0.5155
1780881866.0840,2026-06-07 21:24:26,ALERTA_DDOS,0.0000
1780881867.0938,2026-06-07 21:24:27,ALERTA_DDOS,0.0000
1780881868.1010,2026-06-07 21:24:28,ALERTA_DDOS,0.0000
1780881878.1758,2026-06-07 21:24:38,ALERTA_DDOS,0.6113
1780881879.1819,2026-06-07 21:24:39,ALERTA_DDOS,0.0000
1780881880.1778,2026-06-07 21:24:40,ALERTA_DDOS,0.0000
1780881881.1838,2026-06-07 21:24:41,ALERTA_DDOS,0.0000
1780881891.2411,2026-06-07 21:24:51,ALERTA_DDOS,0.6759
1780881892.2446,2026-06-07 21:24:52,ALERTA_DDOS,0.0000
1780881893.2408,2026-06-07 21:24:53,ALERTA_DDOS,0.0000
1780881894.2616,2026-06-07 21:24:54,ALERTA_DDOS,0.0000
1780881904.3164,2026-06-07 21:25:04,ALERTA_DDOS,0.7502
1780881905.3224,2026-06-07 21:25:05,ALERTA_DDOS,0.0000
1780881906.3294,2026-06-07 21:25:06,ALERTA_DDOS,0.0000
1780881907.3453,2026-06-07 21:25:07,ALERTA_DDOS,0.0000
1780881917.4022,2026-06-07 21:25:17,ALERTA_DDOS,0.8355
1780881918.4014,2026-06-07 21:25:18,ALERTA_DDOS,0.0000
1780881919.4094,2026-06-07 21:25:19,ALERTA_DDOS,0.0000
1780881920.4235,2026-06-07 21:25:20,ALERTA_DDOS,0.0000
1780881930.4813,2026-06-07 21:25:30,ALERTA_DDOS,0.9139
1780881931.4849,2026-06-07 21:25:31,ALERTA_DDOS,0.0000
1780881932.4935,2026-06-07 21:25:32,ALERTA_DDOS,0.0000
1780881933.4978,2026-06-07 21:25:33,ALERTA_DDOS,0.0000
1780881943.5586,2026-06-07 21:25:43,ALERTA_DDOS,0.9908
1780881944.5467,2026-06-07 21:25:44,ALERTA_DDOS,0.0000
1780881945.5721,2026-06-07 21:25:45,ALERTA_DDOS,0.0000
1780881946.5665,2026-06-07 21:25:46,ALERTA_DDOS,0.0000
1780881956.6400,2026-06-07 21:25:56,ALERTA_DDOS,1.0718
1780881957.6462,2026-06-07 21:25:57,ALERTA_DDOS,0.0000
1780881958.6333,2026-06-07 21:25:58,ALERTA_DDOS,0.0000
1780881968.6958,2026-06-07 21:26:08,ALERTA_DDOS,0.1267
1780881969.7013,2026-06-07 21:26:09,ALERTA_DDOS,0.0000
1780881970.7117,2026-06-07 21:26:10,ALERTA_DDOS,0.0000
1780881971.7186,2026-06-07 21:26:11,ALERTA_DDOS,0.0000
1780881981.7859,2026-06-07 21:26:21,ALERTA_DDOS,0.2161
1780881982.7965,2026-06-07 21:26:22,ALERTA_DDOS,0.0000
1780881983.7905,2026-06-07 21:26:23,ALERTA_DDOS,0.0000
1780881984.7971,2026-06-07 21:26:24,ALERTA_DDOS,0.0000
1780881994.8378,2026-06-07 21:26:34,ALERTA_DDOS,0.2670
1780881995.8419,2026-06-07 21:26:35,ALERTA_DDOS,0.0000
1780881996.8549,2026-06-07 21:26:36,ALERTA_DDOS,0.0000
1780881997.8615,2026-06-07 21:26:37,ALERTA_DDOS,0.0000
1780882007.8977,2026-06-07 21:26:47,ALERTA_DDOS,0.3260
1780882008.9101,2026-06-07 21:26:48,ALERTA_DDOS,0.0000
1780882009.9170,2026-06-07 21:26:49,ALERTA_DDOS,0.0000
1780882010.9227,2026-06-07 21:26:50,ALERTA_DDOS,0.0000
1780882020.9844,2026-06-07 21:27:00,ALERTA_DDOS,0.4120
1780882021.9928,2026-06-07 21:27:01,ALERTA_DDOS,0.0000
1780882022.9978,2026-06-07 21:27:02,ALERTA_DDOS,0.0000
1780882024.0067,2026-06-07 21:27:04,ALERTA_DDOS,0.0000
1780882034.0485,2026-06-07 21:27:14,ALERTA_DDOS,0.4749
1780882035.0337,2026-06-07 21:27:15,ALERTA_DDOS,0.0000
1780882036.0419,2026-06-07 21:27:16,ALERTA_DDOS,0.0000
1780882037.0527,2026-06-07 21:27:17,ALERTA_DDOS,0.0000
1780882047.0922,2026-06-07 21:27:27,ALERTA_DDOS,0.5178
1780882048.0845,2026-06-07 21:27:28,ALERTA_DDOS,0.0000
1780882049.0970,2026-06-07 21:27:29,ALERTA_DDOS,0.0000
1780882050.1006,2026-06-07 21:27:30,ALERTA_DDOS,0.0000
1780882060.1587,2026-06-07 21:27:40,ALERTA_DDOS,0.5835
1780882061.1615,2026-06-07 21:27:41,ALERTA_DDOS,0.0000
1780882062.1727,2026-06-07 21:27:42,ALERTA_DDOS,0.0000
1780882063.1754,2026-06-07 21:27:43,ALERTA_DDOS,0.0000
1780882073.2339,2026-06-07 21:27:53,ALERTA_DDOS,0.6577
1780882074.2505,2026-06-07 21:27:54,ALERTA_DDOS,0.0000
1780882075.2558,2026-06-07 21:27:55,ALERTA_DDOS,0.0000
1780882076.2396,2026-06-07 21:27:56,ALERTA_DDOS,0.0000
1780882086.3206,2026-06-07 21:28:06,ALERTA_DDOS,0.7435
1780882087.3231,2026-06-07 21:28:07,ALERTA_DDOS,0.0000
1780882088.3290,2026-06-07 21:28:08,ALERTA_DDOS,0.0000
1780882089.3354,2026-06-07 21:28:09,ALERTA_DDOS,0.0000
1780882099.3945,2026-06-07 21:28:19,ALERTA_DDOS,0.8170
1780882100.4094,2026-06-07 21:28:20,ALERTA_DDOS,0.0000
1780882101.4164,2026-06-07 21:28:21,ALERTA_DDOS,0.0000
1780882102.4241,2026-06-07 21:28:22,ALERTA_DDOS,0.0000
1780882112.4752,2026-06-07 21:28:32,ALERTA_DDOS,0.8970
1780882113.4836,2026-06-07 21:28:33,ALERTA_DDOS,0.0000
1780882114.4904,2026-06-07 21:28:34,ALERTA_DDOS,0.0000
1780882115.5010,2026-06-07 21:28:35,ALERTA_DDOS,0.0000
1780882125.5534,2026-06-07 21:28:45,ALERTA_DDOS,0.9744
1780882126.5665,2026-06-07 21:28:46,ALERTA_DDOS,0.0000
1780882127.5755,2026-06-07 21:28:47,ALERTA_DDOS,0.0000
1780882128.5637,2026-06-07 21:28:48,ALERTA_DDOS,0.0000
1780882138.6185,2026-06-07 21:28:58,ALERTA_DDOS,1.0386
1780882139.6315,2026-06-07 21:28:59,ALERTA_DDOS,0.0000
1780882140.6173,2026-06-07 21:29:00,ALERTA_DDOS,0.0000
1780882150.6905,2026-06-07 21:29:10,ALERTA_DDOS,0.1096
1780882151.6990,2026-06-07 21:29:11,ALERTA_DDOS,0.0000
1780882152.6966,2026-06-07 21:29:12,ALERTA_DDOS,0.0000
1780882153.7038,2026-06-07 21:29:13,ALERTA_DDOS,0.0000
1780882163.7788,2026-06-07 21:29:23,ALERTA_DDOS,0.1970
1780882164.7847,2026-06-07 21:29:24,ALERTA_DDOS,0.0000
1780882165.7728,2026-06-07 21:29:25,ALERTA_DDOS,0.0000
1780882166.7768,2026-06-07 21:29:26,ALERTA_DDOS,0.0000
1780882176.8541,2026-06-07 21:29:36,ALERTA_DDOS,0.2720
1780882177.8413,2026-06-07 21:29:37,ALERTA_DDOS,0.0000
1780882178.8581,2026-06-07 21:29:38,ALERTA_DDOS,0.0000
1780882179.8627,2026-06-07 21:29:39,ALERTA_DDOS,0.0000
1780882189.9150,2026-06-07 21:29:49,ALERTA_DDOS,0.3325
1780882190.9237,2026-06-07 21:29:50,ALERTA_DDOS,0.0000
1780882191.9219,2026-06-07 21:29:51,ALERTA_DDOS,0.0000
1780882192.9270,2026-06-07 21:29:52,ALERTA_DDOS,0.0000
1780882203.0038,2026-06-07 21:30:03,ALERTA_DDOS,0.4208
1780882204.0089,2026-06-07 21:30:04,ALERTA_DDOS,0.0000
1780882205.0021,2026-06-07 21:30:05,ALERTA_DDOS,0.0000
1780882206.0072,2026-06-07 21:30:06,ALERTA_DDOS,0.0000
1780882216.0641,2026-06-07 21:30:16,ALERTA_DDOS,0.4806
1780882217.0672,2026-06-07 21:30:17,ALERTA_DDOS,0.0000
1780882218.0821,2026-06-07 21:30:18,ALERTA_DDOS,0.0000
1780882219.0671,2026-06-07 21:30:19,ALERTA_DDOS,0.0000
1780882229.1067,2026-06-07 21:30:29,ALERTA_DDOS,0.5225
1780882230.1222,2026-06-07 21:30:30,ALERTA_DDOS,0.0000
1780882231.1311,2026-06-07 21:30:31,ALERTA_DDOS,0.0000
1780882232.1282,2026-06-07 21:30:32,ALERTA_DDOS,0.0000
1780882242.1901,2026-06-07 21:30:42,ALERTA_DDOS,0.6053
1780882243.1985,2026-06-07 21:30:43,ALERTA_DDOS,0.0000
1780882244.2016,2026-06-07 21:30:44,ALERTA_DDOS,0.0000
1780882245.2121,2026-06-07 21:30:45,ALERTA_DDOS,0.0000
1780882255.2666,2026-06-07 21:30:55,ALERTA_DDOS,0.6811
1780882256.2765,2026-06-07 21:30:56,ALERTA_DDOS,0.0000
1780882257.2831,2026-06-07 21:30:57,ALERTA_DDOS,0.0000
1780882258.2964,2026-06-07 21:30:58,ALERTA_DDOS,0.0000
1780882268.3472,2026-06-07 21:31:08,ALERTA_DDOS,0.7609
1780882269.3556,2026-06-07 21:31:09,ALERTA_DDOS,0.0000
1780882270.3695,2026-06-07 21:31:10,ALERTA_DDOS,0.0000
1780882271.3716,2026-06-07 21:31:11,ALERTA_DDOS,0.0000
1780882281.4477,2026-06-07 21:31:21,ALERTA_DDOS,0.8605
1780882282.4585,2026-06-07 21:31:22,ALERTA_DDOS,0.0000
1780882283.4640,2026-06-07 21:31:23,ALERTA_DDOS,0.0000
1780882284.4690,2026-06-07 21:31:24,ALERTA_DDOS,0.0000
1780882294.5437,2026-06-07 21:31:34,ALERTA_DDOS,0.9556
1780882295.5486,2026-06-07 21:31:35,ALERTA_DDOS,0.0000
1780882296.5418,2026-06-07 21:31:36,ALERTA_DDOS,0.0000
1780882297.5482,2026-06-07 21:31:37,ALERTA_DDOS,0.0000
1780882307.6203,2026-06-07 21:31:47,ALERTA_DDOS,1.0312
1780882308.6291,2026-06-07 21:31:48,ALERTA_DDOS,0.0000
1780882309.6379,2026-06-07 21:31:49,ALERTA_DDOS,0.0000
1780882320.6702,2026-06-07 21:32:00,ALERTA_DDOS,1.0802
1780882321.6774,2026-06-07 21:32:01,ALERTA_DDOS,0.0000
1780882322.6908,2026-06-07 21:32:02,ALERTA_DDOS,0.0000
1780882332.7569,2026-06-07 21:32:12,ALERTA_DDOS,0.1661
1780882333.7684,2026-06-07 21:32:13,ALERTA_DDOS,0.0000
1780882334.7759,2026-06-07 21:32:14,ALERTA_DDOS,0.0000
1780882335.7869,2026-06-07 21:32:15,ALERTA_DDOS,0.0000
1780882345.8401,2026-06-07 21:32:25,ALERTA_DDOS,0.2485
1780882346.8430,2026-06-07 21:32:26,ALERTA_DDOS,0.0000
1780882347.8552,2026-06-07 21:32:27,ALERTA_DDOS,0.0000
1780882348.8576,2026-06-07 21:32:28,ALERTA_DDOS,0.0000
1780882358.9357,2026-06-07 21:32:38,ALERTA_DDOS,0.3428
1780882359.9468,2026-06-07 21:32:39,ALERTA_DDOS,0.0000
1780882360.9477,2026-06-07 21:32:40,ALERTA_DDOS,0.0000
1780882361.9614,2026-06-07 21:32:41,ALERTA_DDOS,0.0000
1780882372.0294,2026-06-07 21:32:52,ALERTA_DDOS,0.4358
1780882373.0215,2026-06-07 21:32:53,ALERTA_DDOS,0.0000
1780882374.0417,2026-06-07 21:32:54,ALERTA_DDOS,0.0000
1780882375.0520,2026-06-07 21:32:55,ALERTA_DDOS,0.0000
1780883586.5599,2026-06-07 21:53:06,ALERTA_DDOS,0.0000
1780889129.6208,2026-06-07 23:25:29,ALERTA_DDOS,1.0268
1780889130.6307,2026-06-07 23:25:30,ALERTA_DDOS,0.0000
1780889131.6373,2026-06-07 23:25:31,ALERTA_DDOS,0.0000
1780889141.6858,2026-06-07 23:25:41,ALERTA_DDOS,0.0855
1780889142.6929,2026-06-07 23:25:42,ALERTA_DDOS,0.0000
1780889143.7094,2026-06-07 23:25:43,ALERTA_DDOS,0.0000
1780889144.7077,2026-06-07 23:25:44,ALERTA_DDOS,0.0000
1780889154.7500,2026-06-07 23:25:54,ALERTA_DDOS,0.1495
1780889155.7565,2026-06-07 23:25:55,ALERTA_DDOS,0.0000
1780889156.7611,2026-06-07 23:25:56,ALERTA_DDOS,0.0000
1780889157.7552,2026-06-07 23:25:57,ALERTA_DDOS,0.0000
1780889167.8251,2026-06-07 23:26:07,ALERTA_DDOS,0.2242
1780889168.8128,2026-06-07 23:26:08,ALERTA_DDOS,0.0000
1780889169.8211,2026-06-07 23:26:09,ALERTA_DDOS,0.0000
1780889170.8279,2026-06-07 23:26:10,ALERTA_DDOS,0.0000
1780889180.9032,2026-06-07 23:26:20,ALERTA_DDOS,0.3018
1780889181.9088,2026-06-07 23:26:21,ALERTA_DDOS,0.0000
1780889182.9081,2026-06-07 23:26:22,ALERTA_DDOS,0.0000
1780889183.9075,2026-06-07 23:26:23,ALERTA_DDOS,0.0000
1780889193.9560,2026-06-07 23:26:33,ALERTA_DDOS,0.3542
1780889194.9686,2026-06-07 23:26:34,ALERTA_DDOS,0.0000
1780889195.9694,2026-06-07 23:26:35,ALERTA_DDOS,0.0000
1780889196.9774,2026-06-07 23:26:36,ALERTA_DDOS,0.0000
1780889207.0322,2026-06-07 23:26:47,ALERTA_DDOS,0.4296
1780889208.0363,2026-06-07 23:26:48,ALERTA_DDOS,0.0000
1780889209.0432,2026-06-07 23:26:49,ALERTA_DDOS,0.0000
1780889210.0564,2026-06-07 23:26:50,ALERTA_DDOS,0.0000
1780889220.1052,2026-06-07 23:27:00,ALERTA_DDOS,0.5019
1780889221.1184,2026-06-07 23:27:01,ALERTA_DDOS,0.0000
1780889222.1162,2026-06-07 23:27:02,ALERTA_DDOS,0.0000
1780889223.1140,2026-06-07 23:27:03,ALERTA_DDOS,0.0000
1780889233.1703,2026-06-07 23:27:13,ALERTA_DDOS,0.5666
1780889234.1737,2026-06-07 23:27:14,ALERTA_DDOS,0.0000
1780889235.1772,2026-06-07 23:27:15,ALERTA_DDOS,0.0000
1780889236.1892,2026-06-07 23:27:16,ALERTA_DDOS,0.0000
1780889246.2228,2026-06-07 23:27:26,ALERTA_DDOS,0.6187
1780889247.2348,2026-06-07 23:27:27,ALERTA_DDOS,0.0000
1780889248.2380,2026-06-07 23:27:28,ALERTA_DDOS,0.0000
1780889249.2445,2026-06-07 23:27:29,ALERTA_DDOS,0.0000
1780889259.3026,2026-06-07 23:27:39,ALERTA_DDOS,0.6981
1780889260.3061,2026-06-07 23:27:40,ALERTA_DDOS,0.0000
1780889261.3111,2026-06-07 23:27:41,ALERTA_DDOS,0.0000
1780889262.3213,2026-06-07 23:27:42,ALERTA_DDOS,0.0000
1780889272.3771,2026-06-07 23:27:52,ALERTA_DDOS,0.7719
1780889273.3821,2026-06-07 23:27:53,ALERTA_DDOS,0.0000
1780889274.3901,2026-06-07 23:27:54,ALERTA_DDOS,0.0000
1780889275.3905,2026-06-07 23:27:55,ALERTA_DDOS,0.0000
1780889285.4305,2026-06-07 23:28:05,ALERTA_DDOS,0.8248
1780889286.4452,2026-06-07 23:28:06,ALERTA_DDOS,0.0000
1780889287.4534,2026-06-07 23:28:07,ALERTA_DDOS,0.0000
1780889288.4539,2026-06-07 23:28:08,ALERTA_DDOS,0.0000
1780889298.4963,2026-06-07 23:28:18,ALERTA_DDOS,0.8896
1780889299.5044,2026-06-07 23:28:19,ALERTA_DDOS,0.0000
1780889300.5029,2026-06-07 23:28:20,ALERTA_DDOS,0.0000
1780889301.4960,2026-06-07 23:28:21,ALERTA_DDOS,0.0000
1780889311.5518,2026-06-07 23:28:31,ALERTA_DDOS,0.9446
1780889312.5793,2026-06-07 23:28:32,ALERTA_DDOS,0.0000
1780889313.5648,2026-06-07 23:28:33,ALERTA_DDOS,0.0000
1780889314.5757,2026-06-07 23:28:34,ALERTA_DDOS,0.0000
1780889324.6264,2026-06-07 23:28:44,ALERTA_DDOS,1.0188
1780889325.6230,2026-06-07 23:28:45,ALERTA_DDOS,0.0000
1780889326.6335,2026-06-07 23:28:46,ALERTA_DDOS,0.0000
1780889337.6781,2026-06-07 23:28:57,ALERTA_DDOS,1.0699
1780889338.6837,2026-06-07 23:28:58,ALERTA_DDOS,0.0000
1780889339.6914,2026-06-07 23:28:59,ALERTA_DDOS,0.0000
1780889349.7468,2026-06-07 23:29:09,ALERTA_DDOS,0.1381
1780889350.7482,2026-06-07 23:29:10,ALERTA_DDOS,0.0000
1780889351.7577,2026-06-07 23:29:11,ALERTA_DDOS,0.0000
1780889352.7615,2026-06-07 23:29:12,ALERTA_DDOS,0.0000
1780889362.8035,2026-06-07 23:29:22,ALERTA_DDOS,0.1941
1780889363.8057,2026-06-07 23:29:23,ALERTA_DDOS,0.0000
1780889364.8141,2026-06-07 23:29:24,ALERTA_DDOS,0.0000
1780889365.8118,2026-06-07 23:29:25,ALERTA_DDOS,0.0000
1780889375.8817,2026-06-07 23:29:35,ALERTA_DDOS,0.2719
1780889376.8826,2026-06-07 23:29:36,ALERTA_DDOS,0.0000
1780889377.8894,2026-06-07 23:29:37,ALERTA_DDOS,0.0000
1780889378.8977,2026-06-07 23:29:38,ALERTA_DDOS,0.0000
1780889388.9352,2026-06-07 23:29:48,ALERTA_DDOS,0.3250
1780889389.9416,2026-06-07 23:29:49,ALERTA_DDOS,0.0000
1780889390.9497,2026-06-07 23:29:50,ALERTA_DDOS,0.0000
1780889391.9583,2026-06-07 23:29:51,ALERTA_DDOS,0.0000
1780889402.0065,2026-06-07 23:30:02,ALERTA_DDOS,0.3958
1780889403.0145,2026-06-07 23:30:03,ALERTA_DDOS,0.0000
1780889404.0092,2026-06-07 23:30:04,ALERTA_DDOS,0.0000
1780889405.0169,2026-06-07 23:30:05,ALERTA_DDOS,0.0000
1780889415.0686,2026-06-07 23:30:15,ALERTA_DDOS,0.4574
1780889416.0752,2026-06-07 23:30:16,ALERTA_DDOS,0.0000
1780889417.0845,2026-06-07 23:30:17,ALERTA_DDOS,0.0000
1780889418.0938,2026-06-07 23:30:18,ALERTA_DDOS,0.0000
1780889428.1480,2026-06-07 23:30:28,ALERTA_DDOS,0.5366
1780889429.1341,2026-06-07 23:30:29,ALERTA_DDOS,0.0000
1780889430.1424,2026-06-07 23:30:30,ALERTA_DDOS,0.0000
1780889431.1519,2026-06-07 23:30:31,ALERTA_DDOS,0.0000
1780889441.2064,2026-06-07 23:30:41,ALERTA_DDOS,0.5940
1780889442.2132,2026-06-07 23:30:42,ALERTA_DDOS,0.0000
1780889443.2157,2026-06-07 23:30:43,ALERTA_DDOS,0.0000
1780889444.2105,2026-06-07 23:30:44,ALERTA_DDOS,0.0000
1780889454.2666,2026-06-07 23:30:54,ALERTA_DDOS,0.6536
1780889455.2731,2026-06-07 23:30:55,ALERTA_DDOS,0.0000
1780889456.2787,2026-06-07 23:30:56,ALERTA_DDOS,0.0000
1780889457.2880,2026-06-07 23:30:57,ALERTA_DDOS,0.0000
1780889467.3399,2026-06-07 23:31:07,ALERTA_DDOS,0.7266
1780889468.3482,2026-06-07 23:31:08,ALERTA_DDOS,0.0000
1780889469.3469,2026-06-07 23:31:09,ALERTA_DDOS,0.0000
1780889470.3578,2026-06-07 23:31:10,ALERTA_DDOS,0.0000
1780889480.3912,2026-06-07 23:31:20,ALERTA_DDOS,0.7776
1780889481.4010,2026-06-07 23:31:21,ALERTA_DDOS,0.0000
1780889482.4061,2026-06-07 23:31:22,ALERTA_DDOS,0.0000
1780889483.4137,2026-06-07 23:31:23,ALERTA_DDOS,0.0000
1780889493.4730,2026-06-07 23:31:33,ALERTA_DDOS,0.8585
1780889494.4830,2026-06-07 23:31:34,ALERTA_DDOS,0.0000
1780889495.4882,2026-06-07 23:31:35,ALERTA_DDOS,0.0000
1780889496.4907,2026-06-07 23:31:36,ALERTA_DDOS,0.0000
1780889506.5486,2026-06-07 23:31:46,ALERTA_DDOS,0.9334
1780889507.5545,2026-06-07 23:31:47,ALERTA_DDOS,0.0000
1780889508.5558,2026-06-07 23:31:48,ALERTA_DDOS,0.0000
1780889509.5683,2026-06-07 23:31:49,ALERTA_DDOS,0.0000
1780889519.6009,2026-06-07 23:31:59,ALERTA_DDOS,0.9852
1780889520.6117,2026-06-07 23:32:00,ALERTA_DDOS,0.0000
1780889521.6211,2026-06-07 23:32:01,ALERTA_DDOS,0.0000
1780889522.6301,2026-06-07 23:32:02,ALERTA_DDOS,0.0000
1780889532.6758,2026-06-07 23:32:12,ALERTA_DDOS,1.0597
1780889533.6729,2026-06-07 23:32:13,ALERTA_DDOS,0.0000
1780889534.6734,2026-06-07 23:32:14,ALERTA_DDOS,0.0000
1780889544.7499,2026-06-07 23:32:24,ALERTA_DDOS,0.1329
1780889545.7558,2026-06-07 23:32:25,ALERTA_DDOS,0.0000
1780889546.7433,2026-06-07 23:32:26,ALERTA_DDOS,0.0000
1780889547.7488,2026-06-07 23:32:27,ALERTA_DDOS,0.0000
1780889557.8015,2026-06-07 23:32:37,ALERTA_DDOS,0.1838
1780889558.8340,2026-06-07 23:32:38,ALERTA_DDOS,0.0000
1780889559.8350,2026-06-07 23:32:39,ALERTA_DDOS,0.0000
1780889560.8453,2026-06-07 23:32:40,ALERTA_DDOS,0.0000
1780889570.8794,2026-06-07 23:32:50,ALERTA_DDOS,0.2606
1780889571.8917,2026-06-07 23:32:51,ALERTA_DDOS,0.0000
1780889572.8997,2026-06-07 23:32:52,ALERTA_DDOS,0.0000
1780889573.9064,2026-06-07 23:32:53,ALERTA_DDOS,0.0000
1780889583.9504,2026-06-07 23:33:03,ALERTA_DDOS,0.3312
1780889584.9662,2026-06-07 23:33:04,ALERTA_DDOS,0.0000
1780889585.9736,2026-06-07 23:33:05,ALERTA_DDOS,0.0000
1780889586.9808,2026-06-07 23:33:06,ALERTA_DDOS,0.0000
1780889597.0267,2026-06-07 23:33:17,ALERTA_DDOS,0.4071
1780889598.0367,2026-06-07 23:33:18,ALERTA_DDOS,0.0000
1780889599.0321,2026-06-07 23:33:19,ALERTA_DDOS,0.0000
1780889600.0353,2026-06-07 23:33:20,ALERTA_DDOS,0.0000
1780889610.0914,2026-06-07 23:33:30,ALERTA_DDOS,0.4709
1780889611.0992,2026-06-07 23:33:31,ALERTA_DDOS,0.0000
1780889612.1065,2026-06-07 23:33:32,ALERTA_DDOS,0.0000
1780889613.1053,2026-06-07 23:33:33,ALERTA_DDOS,0.0000
1780889623.1596,2026-06-07 23:33:43,ALERTA_DDOS,0.5385
1780889624.1666,2026-06-07 23:33:44,ALERTA_DDOS,0.0000
1780889625.1628,2026-06-07 23:33:45,ALERTA_DDOS,0.0000
1780889626.1698,2026-06-07 23:33:46,ALERTA_DDOS,0.0000
1780889636.2026,2026-06-07 23:33:56,ALERTA_DDOS,0.5813
1780889637.2195,2026-06-07 23:33:57,ALERTA_DDOS,0.0000
1780889638.2177,2026-06-07 23:33:58,ALERTA_DDOS,0.0000
1780889639.2277,2026-06-07 23:33:59,ALERTA_DDOS,0.0000
1780889649.2800,2026-06-07 23:34:09,ALERTA_DDOS,0.6583
1780889650.2886,2026-06-07 23:34:10,ALERTA_DDOS,0.0000
1780889651.2987,2026-06-07 23:34:11,ALERTA_DDOS,0.0000
1780889652.3081,2026-06-07 23:34:12,ALERTA_DDOS,0.0000
1780889662.3586,2026-06-07 23:34:22,ALERTA_DDOS,0.7362
1780889663.3651,2026-06-07 23:34:23,ALERTA_DDOS,0.0000
1780889664.3746,2026-06-07 23:34:24,ALERTA_DDOS,0.0000
1780889665.3808,2026-06-07 23:34:25,ALERTA_DDOS,0.0000
1780889675.4125,2026-06-07 23:34:35,ALERTA_DDOS,0.7897
1780889676.4259,2026-06-07 23:34:36,ALERTA_DDOS,0.0000
1780889677.4294,2026-06-07 23:34:37,ALERTA_DDOS,0.0000
1780889678.4372,2026-06-07 23:34:38,ALERTA_DDOS,0.0000
1780889688.5097,2026-06-07 23:34:48,ALERTA_DDOS,0.8865
1780889689.5188,2026-06-07 23:34:49,ALERTA_DDOS,0.0000
1780889690.5058,2026-06-07 23:34:50,ALERTA_DDOS,0.0000
1780889691.5126,2026-06-07 23:34:51,ALERTA_DDOS,0.0000
1780889701.5624,2026-06-07 23:35:01,ALERTA_DDOS,0.9377
1780889702.5694,2026-06-07 23:35:02,ALERTA_DDOS,0.0000
1780889703.5855,2026-06-07 23:35:03,ALERTA_DDOS,0.0000
1780889704.5821,2026-06-07 23:35:04,ALERTA_DDOS,0.0000
1780889714.6214,2026-06-07 23:35:14,ALERTA_DDOS,0.9962
1780889715.6296,2026-06-07 23:35:15,ALERTA_DDOS,0.0000
1780889716.6369,2026-06-07 23:35:16,ALERTA_DDOS,0.0000
1780889717.6444,2026-06-07 23:35:17,ALERTA_DDOS,0.0000
1780889727.7043,2026-06-07 23:35:27,ALERTA_DDOS,1.0781
1780889728.7039,2026-06-07 23:35:28,ALERTA_DDOS,0.0000
1780889729.7195,2026-06-07 23:35:29,ALERTA_DDOS,0.0000
1780889739.7711,2026-06-07 23:35:39,ALERTA_DDOS,0.1440
1780889740.7708,2026-06-07 23:35:40,ALERTA_DDOS,0.0000
1780889741.7688,2026-06-07 23:35:41,ALERTA_DDOS,0.0000
1780889742.7762,2026-06-07 23:35:42,ALERTA_DDOS,0.0000
1780889752.8380,2026-06-07 23:35:52,ALERTA_DDOS,0.2103
1780889753.8481,2026-06-07 23:35:53,ALERTA_DDOS,0.0000
1780889754.8615,2026-06-07 23:35:54,ALERTA_DDOS,0.0000
1780889755.8622,2026-06-07 23:35:55,ALERTA_DDOS,0.0000
1780889765.9163,2026-06-07 23:36:05,ALERTA_DDOS,0.2880
1780889766.9124,2026-06-07 23:36:06,ALERTA_DDOS,0.0000
1780889767.9117,2026-06-07 23:36:07,ALERTA_DDOS,0.0000
1780889768.9187,2026-06-07 23:36:08,ALERTA_DDOS,0.0000
1780889778.9746,2026-06-07 23:36:18,ALERTA_DDOS,0.3458
1780889779.9803,2026-06-07 23:36:19,ALERTA_DDOS,0.0000
1780889780.9890,2026-06-07 23:36:20,ALERTA_DDOS,0.0000
1780889781.9966,2026-06-07 23:36:21,ALERTA_DDOS,0.0000
1780889792.0323,2026-06-07 23:36:32,ALERTA_DDOS,0.4030
1780889793.0417,2026-06-07 23:36:33,ALERTA_DDOS,0.0000
1780889794.0505,2026-06-07 23:36:34,ALERTA_DDOS,0.0000
1780889795.0602,2026-06-07 23:36:35,ALERTA_DDOS,0.0000
1780889805.1315,2026-06-07 23:36:45,ALERTA_DDOS,0.5013
1780889806.1354,2026-06-07 23:36:46,ALERTA_DDOS,0.0000
1780889807.1211,2026-06-07 23:36:47,ALERTA_DDOS,0.0000
1780889808.1356,2026-06-07 23:36:48,ALERTA_DDOS,0.0000
1780889818.1884,2026-06-07 23:36:58,ALERTA_DDOS,0.5576
1780889819.1938,2026-06-07 23:36:59,ALERTA_DDOS,0.0000
1780889820.2016,2026-06-07 23:37:00,ALERTA_DDOS,0.0000
1780889821.2098,2026-06-07 23:37:01,ALERTA_DDOS,0.0000
1780889831.2617,2026-06-07 23:37:11,ALERTA_DDOS,0.6301
1780889832.2691,2026-06-07 23:37:12,ALERTA_DDOS,0.0000
1780889833.2772,2026-06-07 23:37:13,ALERTA_DDOS,0.0000
1780889834.2623,2026-06-07 23:37:14,ALERTA_DDOS,0.0000
1780889844.3384,2026-06-07 23:37:24,ALERTA_DDOS,0.7058
1780889845.3470,2026-06-07 23:37:25,ALERTA_DDOS,0.0000
1780889846.3529,2026-06-07 23:37:26,ALERTA_DDOS,0.0000
1780889847.3376,2026-06-07 23:37:27,ALERTA_DDOS,0.0000
1780889857.4062,2026-06-07 23:37:37,ALERTA_DDOS,0.7730
1780889858.3962,2026-06-07 23:37:38,ALERTA_DDOS,0.0000
1780889859.4045,2026-06-07 23:37:39,ALERTA_DDOS,0.0000
1780889860.4127,2026-06-07 23:37:40,ALERTA_DDOS,0.0000
1780889870.4855,2026-06-07 23:37:50,ALERTA_DDOS,0.8513
1780889871.4737,2026-06-07 23:37:51,ALERTA_DDOS,0.0000
1780889872.4823,2026-06-07 23:37:52,ALERTA_DDOS,0.0000
1780889873.4900,2026-06-07 23:37:53,ALERTA_DDOS,0.0000
1780889883.5561,2026-06-07 23:38:03,ALERTA_DDOS,0.9211
1780889884.5643,2026-06-07 23:38:04,ALERTA_DDOS,0.0000
1780889885.5731,2026-06-07 23:38:05,ALERTA_DDOS,0.0000
1780889886.5622,2026-06-07 23:38:06,ALERTA_DDOS,0.0000
1780889896.6348,2026-06-07 23:38:16,ALERTA_DDOS,0.9994
1780889897.6402,2026-06-07 23:38:17,ALERTA_DDOS,0.0000
1780889898.6299,2026-06-07 23:38:18,ALERTA_DDOS,0.0000
1780889899.6371,2026-06-07 23:38:19,ALERTA_DDOS,0.0000
1780889909.7146,2026-06-07 23:38:29,ALERTA_DDOS,1.0783
1780889910.7130,2026-06-07 23:38:30,ALERTA_DDOS,0.0000
1780889911.7225,2026-06-07 23:38:31,ALERTA_DDOS,0.0000
1780889921.7633,2026-06-07 23:38:41,ALERTA_DDOS,0.1263
1780889922.7710,2026-06-07 23:38:42,ALERTA_DDOS,0.0000
1780889923.7708,2026-06-07 23:38:43,ALERTA_DDOS,0.0000
1780889924.7828,2026-06-07 23:38:44,ALERTA_DDOS,0.0000
1780889934.8355,2026-06-07 23:38:54,ALERTA_DDOS,0.1978
1780889935.8319,2026-06-07 23:38:55,ALERTA_DDOS,0.0000
1780889936.8541,2026-06-07 23:38:56,ALERTA_DDOS,0.0000
1780889937.8438,2026-06-07 23:38:57,ALERTA_DDOS,0.0000
1780889947.9133,2026-06-07 23:39:07,ALERTA_DDOS,0.2752
1780889948.8992,2026-06-07 23:39:08,ALERTA_DDOS,0.0000
1780889949.9079,2026-06-07 23:39:09,ALERTA_DDOS,0.0000
1780889950.9173,2026-06-07 23:39:10,ALERTA_DDOS,0.0000
1780889960.9692,2026-06-07 23:39:20,ALERTA_DDOS,0.3304
1780889961.9764,2026-06-07 23:39:21,ALERTA_DDOS,0.0000
1780889962.9858,2026-06-07 23:39:22,ALERTA_DDOS,0.0000
1780889963.9887,2026-06-07 23:39:23,ALERTA_DDOS,0.0000
1780889974.0259,2026-06-07 23:39:34,ALERTA_DDOS,0.3864
1780889975.0339,2026-06-07 23:39:35,ALERTA_DDOS,0.0000
1780889976.0435,2026-06-07 23:39:36,ALERTA_DDOS,0.0000
1780889977.0531,2026-06-07 23:39:37,ALERTA_DDOS,0.0000
1780889987.0897,2026-06-07 23:39:47,ALERTA_DDOS,0.4494
1780889988.0744,2026-06-07 23:39:48,ALERTA_DDOS,0.0000
1780889989.0901,2026-06-07 23:39:49,ALERTA_DDOS,0.0000
1780889990.0952,2026-06-07 23:39:50,ALERTA_DDOS,0.0000
1780890000.1429,2026-06-07 23:40:00,ALERTA_DDOS,0.5021
1780890001.1511,2026-06-07 23:40:01,ALERTA_DDOS,0.0000
1780890002.1603,2026-06-07 23:40:02,ALERTA_DDOS,0.0000
1780890003.1687,2026-06-07 23:40:03,ALERTA_DDOS,0.0000
1780890013.2102,2026-06-07 23:40:13,ALERTA_DDOS,0.5690
1780890014.2115,2026-06-07 23:40:14,ALERTA_DDOS,0.0000
1780890015.2206,2026-06-07 23:40:15,ALERTA_DDOS,0.0000
1780890016.2290,2026-06-07 23:40:16,ALERTA_DDOS,0.0000
1780890026.2812,2026-06-07 23:40:26,ALERTA_DDOS,0.6395
1780890027.2913,2026-06-07 23:40:27,ALERTA_DDOS,0.0000
1780890028.2956,2026-06-07 23:40:28,ALERTA_DDOS,0.0000
1780890029.2972,2026-06-07 23:40:29,ALERTA_DDOS,0.0000
1780890039.3522,2026-06-07 23:40:39,ALERTA_DDOS,0.7096
1780890040.3598,2026-06-07 23:40:40,ALERTA_DDOS,0.0000
1780890041.3570,2026-06-07 23:40:41,ALERTA_DDOS,0.0000
1780890042.3633,2026-06-07 23:40:42,ALERTA_DDOS,0.0000
1780890052.4177,2026-06-07 23:40:52,ALERTA_DDOS,0.7740
1780890053.4032,2026-06-07 23:40:53,ALERTA_DDOS,0.0000
1780890054.4148,2026-06-07 23:40:54,ALERTA_DDOS,0.0000
1780890055.4218,2026-06-07 23:40:55,ALERTA_DDOS,0.0000
1780890065.4710,2026-06-07 23:41:05,ALERTA_DDOS,0.8266
1780890066.4677,2026-06-07 23:41:06,ALERTA_DDOS,0.0000
1780890067.4879,2026-06-07 23:41:07,ALERTA_DDOS,0.0000
1780890068.4753,2026-06-07 23:41:08,ALERTA_DDOS,0.0000
1780890078.5354,2026-06-07 23:41:18,ALERTA_DDOS,0.8899
1780890079.5446,2026-06-07 23:41:19,ALERTA_DDOS,0.0000
1780890080.5419,2026-06-07 23:41:20,ALERTA_DDOS,0.0000
1780890081.5396,2026-06-07 23:41:21,ALERTA_DDOS,0.0000
1780890091.5897,2026-06-07 23:41:31,ALERTA_DDOS,0.9439
1780890092.5857,2026-06-07 23:41:32,ALERTA_DDOS,0.0000
1780890093.5935,2026-06-07 23:41:33,ALERTA_DDOS,0.0000
1780890094.5938,2026-06-07 23:41:34,ALERTA_DDOS,0.0000
1780890104.6528,2026-06-07 23:41:44,ALERTA_DDOS,1.0065
1780890105.6608,2026-06-07 23:41:45,ALERTA_DDOS,0.0000
1780890106.6675,2026-06-07 23:41:46,ALERTA_DDOS,0.0000
1780890107.6719,2026-06-07 23:41:47,ALERTA_DDOS,0.0000
1780890117.7257,2026-06-07 23:41:57,ALERTA_DDOS,1.0782
1780890118.7366,2026-06-07 23:41:58,ALERTA_DDOS,0.0000
1780890119.7425,2026-06-07 23:41:59,ALERTA_DDOS,0.0000
1780890129.7756,2026-06-07 23:42:09,ALERTA_DDOS,0.1273
1780890130.7822,2026-06-07 23:42:10,ALERTA_DDOS,0.0000
1780890131.7784,2026-06-07 23:42:11,ALERTA_DDOS,0.0000
1780890132.7823,2026-06-07 23:42:12,ALERTA_DDOS,0.0000
1780890142.8378,2026-06-07 23:42:22,ALERTA_DDOS,0.1882
1780890143.8456,2026-06-07 23:42:23,ALERTA_DDOS,0.0000
1780890144.8531,2026-06-07 23:42:24,ALERTA_DDOS,0.0000
1780890145.8620,2026-06-07 23:42:25,ALERTA_DDOS,0.0000
1780890155.9120,2026-06-07 23:42:35,ALERTA_DDOS,0.2616
1780890156.9204,2026-06-07 23:42:36,ALERTA_DDOS,0.0000
1780890157.9057,2026-06-07 23:42:37,ALERTA_DDOS,0.0000
1780890158.9118,2026-06-07 23:42:38,ALERTA_DDOS,0.0000
1780890168.9824,2026-06-07 23:42:48,ALERTA_DDOS,0.3311
1780890169.9813,2026-06-07 23:42:49,ALERTA_DDOS,0.0000
1780890170.9804,2026-06-07 23:42:50,ALERTA_DDOS,0.0000
1780890171.9895,2026-06-07 23:42:51,ALERTA_DDOS,0.0000
1780890182.0447,2026-06-07 23:43:02,ALERTA_DDOS,0.3930
1780890183.0533,2026-06-07 23:43:03,ALERTA_DDOS,0.0000
1780890184.0615,2026-06-07 23:43:04,ALERTA_DDOS,0.0000
1780890185.0656,2026-06-07 23:43:05,ALERTA_DDOS,0.0000
1780890195.1171,2026-06-07 23:43:15,ALERTA_DDOS,0.4647
1780890196.1231,2026-06-07 23:43:16,ALERTA_DDOS,0.0000
1780890197.1194,2026-06-07 23:43:17,ALERTA_DDOS,0.0000
1780890198.1274,2026-06-07 23:43:18,ALERTA_DDOS,0.0000
1780890208.1835,2026-06-07 23:43:28,ALERTA_DDOS,0.5307
1780890209.1813,2026-06-07 23:43:29,ALERTA_DDOS,0.0000
1780890210.1893,2026-06-07 23:43:30,ALERTA_DDOS,0.0000
1780890211.2041,2026-06-07 23:43:31,ALERTA_DDOS,0.0000
1780890221.2531,2026-06-07 23:43:41,ALERTA_DDOS,0.5994
1780890222.2602,2026-06-07 23:43:42,ALERTA_DDOS,0.0000
1780890223.2692,2026-06-07 23:43:43,ALERTA_DDOS,0.0000
1780890224.2715,2026-06-07 23:43:44,ALERTA_DDOS,0.0000
1780890234.3283,2026-06-07 23:43:54,ALERTA_DDOS,0.6738
1780890235.3402,2026-06-07 23:43:55,ALERTA_DDOS,0.0000
1780890236.3239,2026-06-07 23:43:56,ALERTA_DDOS,0.0000
1780890237.3311,2026-06-07 23:43:57,ALERTA_DDOS,0.0000
1780890247.3912,2026-06-07 23:44:07,ALERTA_DDOS,0.7361
1780890248.3900,2026-06-07 23:44:08,ALERTA_DDOS,0.0000
1780890249.3969,2026-06-07 23:44:09,ALERTA_DDOS,0.0000
1780890250.4047,2026-06-07 23:44:10,ALERTA_DDOS,0.0000
1780890260.4591,2026-06-07 23:44:20,ALERTA_DDOS,0.8035
1780890261.4688,2026-06-07 23:44:21,ALERTA_DDOS,0.0000
1780890262.4733,2026-06-07 23:44:22,ALERTA_DDOS,0.0000
1780890263.4715,2026-06-07 23:44:23,ALERTA_DDOS,0.0000
1780890273.5360,2026-06-07 23:44:33,ALERTA_DDOS,0.8796
1780890274.5433,2026-06-07 23:44:34,ALERTA_DDOS,0.0000
1780890275.5412,2026-06-07 23:44:35,ALERTA_DDOS,0.0000
1780890276.5404,2026-06-07 23:44:36,ALERTA_DDOS,0.0000
1780890286.5946,2026-06-07 23:44:46,ALERTA_DDOS,0.9376
1780890287.6045,2026-06-07 23:44:47,ALERTA_DDOS,0.0000
1780890288.6153,2026-06-07 23:44:48,ALERTA_DDOS,0.0000
1780890289.6190,2026-06-07 23:44:49,ALERTA_DDOS,0.0000
1780890299.6721,2026-06-07 23:44:59,ALERTA_DDOS,1.0145
1780890300.6778,2026-06-07 23:45:00,ALERTA_DDOS,0.0000
1780890301.6869,2026-06-07 23:45:01,ALERTA_DDOS,0.0000
1780890312.7293,2026-06-07 23:45:12,ALERTA_DDOS,1.0712
1780890313.7382,2026-06-07 23:45:13,ALERTA_DDOS,0.0000
1780890314.7443,2026-06-07 23:45:14,ALERTA_DDOS,0.0000
1780890324.7956,2026-06-07 23:45:24,ALERTA_DDOS,0.1368
1780890325.8018,2026-06-07 23:45:25,ALERTA_DDOS,0.0000
1780890326.8088,2026-06-07 23:45:26,ALERTA_DDOS,0.0000
1780890327.8203,2026-06-07 23:45:27,ALERTA_DDOS,0.0000
1780890337.8757,2026-06-07 23:45:37,ALERTA_DDOS,0.2159
1780890338.8620,2026-06-07 23:45:38,ALERTA_DDOS,0.0000
1780890339.8664,2026-06-07 23:45:39,ALERTA_DDOS,0.0000
1780890340.8737,2026-06-07 23:45:40,ALERTA_DDOS,0.0000
1780890350.9346,2026-06-07 23:45:50,ALERTA_DDOS,0.2743
1780890351.9418,2026-06-07 23:45:51,ALERTA_DDOS,0.0000
1780890352.9319,2026-06-07 23:45:52,ALERTA_DDOS,0.0000
1780890353.9400,2026-06-07 23:45:53,ALERTA_DDOS,0.0000
1780890363.9919,2026-06-07 23:46:03,ALERTA_DDOS,0.3299
1780890365.0015,2026-06-07 23:46:05,ALERTA_DDOS,0.0000
1780890366.0103,2026-06-07 23:46:06,ALERTA_DDOS,0.0000
1780890367.0170,2026-06-07 23:46:07,ALERTA_DDOS,0.0000
1780890377.0675,2026-06-07 23:46:17,ALERTA_DDOS,0.4049
1780890378.0567,2026-06-07 23:46:18,ALERTA_DDOS,0.0000
1780890379.0676,2026-06-07 23:46:19,ALERTA_DDOS,0.0000
1780890380.0741,2026-06-07 23:46:20,ALERTA_DDOS,0.0000
1780890390.1063,2026-06-07 23:46:30,ALERTA_DDOS,0.4429
1780890391.1132,2026-06-07 23:46:31,ALERTA_DDOS,0.0000
1780890392.1212,2026-06-07 23:46:32,ALERTA_DDOS,0.0000
1780890393.1192,2026-06-07 23:46:33,ALERTA_DDOS,0.0000
1780890403.1633,2026-06-07 23:46:43,ALERTA_DDOS,0.4996
1780890404.1721,2026-06-07 23:46:44,ALERTA_DDOS,0.0000
1780890405.1787,2026-06-07 23:46:45,ALERTA_DDOS,0.0000
1780890406.1853,2026-06-07 23:46:46,ALERTA_DDOS,0.0000
1780890416.2565,2026-06-07 23:46:56,ALERTA_DDOS,0.5921
1780890417.2455,2026-06-07 23:46:57,ALERTA_DDOS,0.0000
1780890418.2586,2026-06-07 23:46:58,ALERTA_DDOS,0.0000
1780890419.2672,2026-06-07 23:46:59,ALERTA_DDOS,0.0000
1780890429.3208,2026-06-07 23:47:09,ALERTA_DDOS,0.6557
1780890430.3290,2026-06-07 23:47:10,ALERTA_DDOS,0.0000
1780890431.3354,2026-06-07 23:47:11,ALERTA_DDOS,0.0000
1780890432.3362,2026-06-07 23:47:12,ALERTA_DDOS,0.0000
1780890442.3800,2026-06-07 23:47:22,ALERTA_DDOS,0.7139
1780890443.4047,2026-06-07 23:47:23,ALERTA_DDOS,0.0000
1780890444.3917,2026-06-07 23:47:24,ALERTA_DDOS,0.0000
1780890445.4005,2026-06-07 23:47:25,ALERTA_DDOS,0.0000
1780890455.4553,2026-06-07 23:47:35,ALERTA_DDOS,0.7881
1780890456.4634,2026-06-07 23:47:36,ALERTA_DDOS,0.0000
1780890457.4616,2026-06-07 23:47:37,ALERTA_DDOS,0.0000
1780890458.4711,2026-06-07 23:47:38,ALERTA_DDOS,0.0000
1780890468.5294,2026-06-07 23:47:48,ALERTA_DDOS,0.8612
1780890469.5349,2026-06-07 23:47:49,ALERTA_DDOS,0.0000
1780890470.5453,2026-06-07 23:47:50,ALERTA_DDOS,0.0000
1780890471.5435,2026-06-07 23:47:51,ALERTA_DDOS,0.0000
1780890481.5983,2026-06-07 23:48:01,ALERTA_DDOS,0.9297
1780890482.5950,2026-06-07 23:48:02,ALERTA_DDOS,0.0000
1780890483.6045,2026-06-07 23:48:03,ALERTA_DDOS,0.0000
1780890484.6020,2026-06-07 23:48:04,ALERTA_DDOS,0.0000
1780890494.6623,2026-06-07 23:48:14,ALERTA_DDOS,0.9930
1780890495.6699,2026-06-07 23:48:15,ALERTA_DDOS,0.0000
1780890496.6698,2026-06-07 23:48:16,ALERTA_DDOS,0.0000
1780890497.6786,2026-06-07 23:48:17,ALERTA_DDOS,0.0000
1780890507.7195,2026-06-07 23:48:27,ALERTA_DDOS,1.0495
1780890508.7226,2026-06-07 23:48:28,ALERTA_DDOS,0.0000
1780890509.7303,2026-06-07 23:48:29,ALERTA_DDOS,0.0000
1780890519.7871,2026-06-07 23:48:39,ALERTA_DDOS,0.1164
1780890520.7836,2026-06-07 23:48:40,ALERTA_DDOS,0.0000
1780890521.7814,2026-06-07 23:48:41,ALERTA_DDOS,0.0000
1780890522.7890,2026-06-07 23:48:42,ALERTA_DDOS,0.0000
1780890532.8456,2026-06-07 23:48:52,ALERTA_DDOS,0.1744
1780890533.8514,2026-06-07 23:48:53,ALERTA_DDOS,0.0000
1780890534.8603,2026-06-07 23:48:54,ALERTA_DDOS,0.0000
1780890535.8481,2026-06-07 23:48:55,ALERTA_DDOS,0.0000
1780890545.9078,2026-06-07 23:49:05,ALERTA_DDOS,0.2361
1780890546.9120,2026-06-07 23:49:06,ALERTA_DDOS,0.0000
1780890547.9196,2026-06-07 23:49:07,ALERTA_DDOS,0.0000
1780890548.9098,2026-06-07 23:49:08,ALERTA_DDOS,0.0000
1780890558.9806,2026-06-07 23:49:18,ALERTA_DDOS,0.3080
1780890559.9883,2026-06-07 23:49:19,ALERTA_DDOS,0.0000
1780890560.9935,2026-06-07 23:49:20,ALERTA_DDOS,0.0000
1780890562.0066,2026-06-07 23:49:22,ALERTA_DDOS,0.0000
1780890572.0434,2026-06-07 23:49:32,ALERTA_DDOS,0.3704
1780890573.0517,2026-06-07 23:49:33,ALERTA_DDOS,0.0000
1780890574.0503,2026-06-07 23:49:34,ALERTA_DDOS,0.0000
1780890575.0655,2026-06-07 23:49:35,ALERTA_DDOS,0.0000
1780890585.1098,2026-06-07 23:49:45,ALERTA_DDOS,0.4362
1780890586.1086,2026-06-07 23:49:46,ALERTA_DDOS,0.0000
1780890587.1081,2026-06-07 23:49:47,ALERTA_DDOS,0.0000
1780890588.1220,2026-06-07 23:49:48,ALERTA_DDOS,0.0000
1780890598.1749,2026-06-07 23:49:58,ALERTA_DDOS,0.5008
1780890599.1786,2026-06-07 23:49:59,ALERTA_DDOS,0.0000
1780890600.1898,2026-06-07 23:50:00,ALERTA_DDOS,0.0000
1780890601.1991,2026-06-07 23:50:01,ALERTA_DDOS,0.0000
1780890611.2650,2026-06-07 23:50:11,ALERTA_DDOS,0.5900
1780890612.2538,2026-06-07 23:50:12,ALERTA_DDOS,0.0000
1780890613.2625,2026-06-07 23:50:13,ALERTA_DDOS,0.0000
1780890614.2646,2026-06-07 23:50:14,ALERTA_DDOS,0.0000
1780890624.3098,2026-06-07 23:50:24,ALERTA_DDOS,0.6339
1780890625.3145,2026-06-07 23:50:25,ALERTA_DDOS,0.0000
1780890626.3211,2026-06-07 23:50:26,ALERTA_DDOS,0.0000
1780890627.3279,2026-06-07 23:50:27,ALERTA_DDOS,0.0000
1780890637.3817,2026-06-07 23:50:37,ALERTA_DDOS,0.7049
1780890638.3909,2026-06-07 23:50:38,ALERTA_DDOS,0.0000
1780890639.3963,2026-06-07 23:50:39,ALERTA_DDOS,0.0000
1780890640.4036,2026-06-07 23:50:40,ALERTA_DDOS,0.0000
1780890650.4612,2026-06-07 23:50:50,ALERTA_DDOS,0.7840
1780890651.4678,2026-06-07 23:50:51,ALERTA_DDOS,0.0000
1780890652.4549,2026-06-07 23:50:52,ALERTA_DDOS,0.0000
1780890653.4618,2026-06-07 23:50:53,ALERTA_DDOS,0.0000
1780890663.5159,2026-06-07 23:51:03,ALERTA_DDOS,0.8376
1780890664.5118,2026-06-07 23:51:04,ALERTA_DDOS,0.0000
1780890665.5191,2026-06-07 23:51:05,ALERTA_DDOS,0.0000
1780890666.5179,2026-06-07 23:51:06,ALERTA_DDOS,0.0000
1780890676.5731,2026-06-07 23:51:16,ALERTA_DDOS,0.8940
1780890677.5821,2026-06-07 23:51:17,ALERTA_DDOS,0.0000
1780890678.5888,2026-06-07 23:51:18,ALERTA_DDOS,0.0000
1780890679.5980,2026-06-07 23:51:19,ALERTA_DDOS,0.0000
1780890689.6685,2026-06-07 23:51:29,ALERTA_DDOS,0.9889
1780890690.6747,2026-06-07 23:51:30,ALERTA_DDOS,0.0000
1780890691.6615,2026-06-07 23:51:31,ALERTA_DDOS,0.0000
1780890692.6706,2026-06-07 23:51:32,ALERTA_DDOS,0.0000
1780890702.7231,2026-06-07 23:51:42,ALERTA_DDOS,1.0426
1780890703.7303,2026-06-07 23:51:43,ALERTA_DDOS,0.0000
1780890704.7371,2026-06-07 23:51:44,ALERTA_DDOS,0.0000
1780890714.7921,2026-06-07 23:51:54,ALERTA_DDOS,0.1111
1780890715.7998,2026-06-07 23:51:55,ALERTA_DDOS,0.0000
1780890716.7867,2026-06-07 23:51:56,ALERTA_DDOS,0.0000
1780890717.7941,2026-06-07 23:51:57,ALERTA_DDOS,0.0000
1780890727.8545,2026-06-07 23:52:07,ALERTA_DDOS,0.1724
1780890728.8611,2026-06-07 23:52:08,ALERTA_DDOS,0.0000
1780890729.8705,2026-06-07 23:52:09,ALERTA_DDOS,0.0000
1780890730.8706,2026-06-07 23:52:10,ALERTA_DDOS,0.0000
1780890740.9238,2026-06-07 23:52:20,ALERTA_DDOS,0.2407
1780890741.9337,2026-06-07 23:52:21,ALERTA_DDOS,0.0000
1780890742.9408,2026-06-07 23:52:22,ALERTA_DDOS,0.0000
1780890743.9494,2026-06-07 23:52:23,ALERTA_DDOS,0.0000
1780890753.9909,2026-06-07 23:52:33,ALERTA_DDOS,0.3075
1780890754.9890,2026-06-07 23:52:34,ALERTA_DDOS,0.0000
1780890755.9986,2026-06-07 23:52:35,ALERTA_DDOS,0.0000
1780890757.0088,2026-06-07 23:52:37,ALERTA_DDOS,0.0000
1780890767.0595,2026-06-07 23:52:47,ALERTA_DDOS,0.3749
1780890768.0676,2026-06-07 23:52:48,ALERTA_DDOS,0.0000
1780890769.0750,2026-06-07 23:52:49,ALERTA_DDOS,0.0000
1780890770.0696,2026-06-07 23:52:50,ALERTA_DDOS,0.0000
1780890780.1004,2026-06-07 23:53:00,ALERTA_DDOS,0.4146
1780890781.1107,2026-06-07 23:53:01,ALERTA_DDOS,0.0000
1780890782.1192,2026-06-07 23:53:02,ALERTA_DDOS,0.0000
1780890783.1277,2026-06-07 23:53:03,ALERTA_DDOS,0.0000
1780890793.1811,2026-06-07 23:53:13,ALERTA_DDOS,0.4942
1780890794.1995,2026-06-07 23:53:14,ALERTA_DDOS,0.0000
1780890795.1954,2026-06-07 23:53:15,ALERTA_DDOS,0.0000
1780890796.2050,2026-06-07 23:53:16,ALERTA_DDOS,0.0000
1780890806.2678,2026-06-07 23:53:26,ALERTA_DDOS,0.5799
1780890807.2653,2026-06-07 23:53:27,ALERTA_DDOS,0.0000
1780890808.2704,2026-06-07 23:53:28,ALERTA_DDOS,0.0000
1780890809.2771,2026-06-07 23:53:29,ALERTA_DDOS,0.0000
1780890819.3286,2026-06-07 23:53:39,ALERTA_DDOS,0.6398
1780890820.3396,2026-06-07 23:53:40,ALERTA_DDOS,0.0000
1780890821.3405,2026-06-07 23:53:41,ALERTA_DDOS,0.0000
1780890822.3506,2026-06-07 23:53:42,ALERTA_DDOS,0.0000
1780890832.4164,2026-06-07 23:53:52,ALERTA_DDOS,0.7266
1780890833.4265,2026-06-07 23:53:53,ALERTA_DDOS,0.0000
1780890834.4156,2026-06-07 23:53:54,ALERTA_DDOS,0.0000
1780890835.4216,2026-06-07 23:53:55,ALERTA_DDOS,0.0000
1780890845.4650,2026-06-07 23:54:05,ALERTA_DDOS,0.7747
1780890846.4526,2026-06-07 23:54:06,ALERTA_DDOS,0.0000
1780890847.4591,2026-06-07 23:54:07,ALERTA_DDOS,0.0000
1780890848.4681,2026-06-07 23:54:08,ALERTA_DDOS,0.0000
1780890858.5180,2026-06-07 23:54:18,ALERTA_DDOS,0.8265
1780890859.5267,2026-06-07 23:54:19,ALERTA_DDOS,0.0000
1780890860.5359,2026-06-07 23:54:20,ALERTA_DDOS,0.0000
1780890861.5441,2026-06-07 23:54:21,ALERTA_DDOS,0.0000
1780890871.5762,2026-06-07 23:54:31,ALERTA_DDOS,0.8840
1780890872.5858,2026-06-07 23:54:32,ALERTA_DDOS,0.0000
1780890873.5932,2026-06-07 23:54:33,ALERTA_DDOS,0.0000
1780890874.6023,2026-06-07 23:54:34,ALERTA_DDOS,0.0000
1780890884.6591,2026-06-07 23:54:44,ALERTA_DDOS,0.9662
1780890885.6669,2026-06-07 23:54:45,ALERTA_DDOS,0.0000
1780890886.6726,2026-06-07 23:54:46,ALERTA_DDOS,0.0000
1780890887.6749,2026-06-07 23:54:47,ALERTA_DDOS,0.0000
1780890897.7093,2026-06-07 23:54:57,ALERTA_DDOS,1.0157
1780890898.7231,2026-06-07 23:54:58,ALERTA_DDOS,0.0000
1780890899.7442,2026-06-07 23:54:59,ALERTA_DDOS,0.0000
1780890910.7915,2026-06-07 23:55:10,ALERTA_DDOS,1.0970
1780890911.7924,2026-06-07 23:55:11,ALERTA_DDOS,0.0000
1780890912.8020,2026-06-07 23:55:12,ALERTA_DDOS,0.0000
1780890922.8435,2026-06-07 23:55:22,ALERTA_DDOS,0.1483
1780890923.8481,2026-06-07 23:55:23,ALERTA_DDOS,0.0000
1780890924.8564,2026-06-07 23:55:24,ALERTA_DDOS,0.0000
1780890925.8653,2026-06-07 23:55:25,ALERTA_DDOS,0.0000
1780890935.9134,2026-06-07 23:55:35,ALERTA_DDOS,0.2177
1780890936.9236,2026-06-07 23:55:36,ALERTA_DDOS,0.0000
1780890937.9268,2026-06-07 23:55:37,ALERTA_DDOS,0.0000
1780890938.9409,2026-06-07 23:55:38,ALERTA_DDOS,0.0000
1780890949.0065,2026-06-07 23:55:49,ALERTA_DDOS,0.3103
1780890950.0186,2026-06-07 23:55:50,ALERTA_DDOS,0.0000
1780890951.0197,2026-06-07 23:55:51,ALERTA_DDOS,0.0000
1780890952.0238,2026-06-07 23:55:52,ALERTA_DDOS,0.0000
1780890962.0843,2026-06-07 23:56:02,ALERTA_DDOS,0.3871
1780890963.0913,2026-06-07 23:56:03,ALERTA_DDOS,0.0000
1780890964.1003,2026-06-07 23:56:04,ALERTA_DDOS,0.0000
1780890965.0846,2026-06-07 23:56:05,ALERTA_DDOS,0.0000
1780890975.1607,2026-06-07 23:56:15,ALERTA_DDOS,0.4630
1780890976.1471,2026-06-07 23:56:16,ALERTA_DDOS,0.0000
1780890977.1534,2026-06-07 23:56:17,ALERTA_DDOS,0.0000
1780890978.1600,2026-06-07 23:56:18,ALERTA_DDOS,0.0000
1780890988.2358,2026-06-07 23:56:28,ALERTA_DDOS,0.5370
1780890989.2248,2026-06-07 23:56:29,ALERTA_DDOS,0.0000
1780890990.2322,2026-06-07 23:56:30,ALERTA_DDOS,0.0000
1780890991.2330,2026-06-07 23:56:31,ALERTA_DDOS,0.0000
1780891001.2900,2026-06-07 23:56:41,ALERTA_DDOS,0.5908
1780891002.2947,2026-06-07 23:56:42,ALERTA_DDOS,0.0000
1780891003.3046,2026-06-07 23:56:43,ALERTA_DDOS,0.0000
1780891004.3107,2026-06-07 23:56:44,ALERTA_DDOS,0.0000
1780891014.3481,2026-06-07 23:56:54,ALERTA_DDOS,0.6478
1780891015.3599,2026-06-07 23:56:55,ALERTA_DDOS,0.0000
1780891016.3612,2026-06-07 23:56:56,ALERTA_DDOS,0.0000
1780891017.3684,2026-06-07 23:56:57,ALERTA_DDOS,0.0000
1780891027.4227,2026-06-07 23:57:07,ALERTA_DDOS,0.7217
1780891028.4314,2026-06-07 23:57:08,ALERTA_DDOS,0.0000
1780891029.4377,2026-06-07 23:57:09,ALERTA_DDOS,0.0000
1780891030.4263,2026-06-07 23:57:10,ALERTA_DDOS,0.0000
1780891040.4814,2026-06-07 23:57:20,ALERTA_DDOS,0.7801
1780891041.4887,2026-06-07 23:57:21,ALERTA_DDOS,0.0000
1780891042.4996,2026-06-07 23:57:22,ALERTA_DDOS,0.0000
1780891043.4994,2026-06-07 23:57:23,ALERTA_DDOS,0.0000
1780891053.5597,2026-06-07 23:57:33,ALERTA_DDOS,0.8578
1780891054.5604,2026-06-07 23:57:34,ALERTA_DDOS,0.0000
1780891055.5695,2026-06-07 23:57:35,ALERTA_DDOS,0.0000
1780891056.5681,2026-06-07 23:57:36,ALERTA_DDOS,0.0000
1780891066.6346,2026-06-07 23:57:46,ALERTA_DDOS,0.9318
1780891067.6222,2026-06-07 23:57:47,ALERTA_DDOS,0.0000
1780891068.6330,2026-06-07 23:57:48,ALERTA_DDOS,0.0000
1780891069.6352,2026-06-07 23:57:49,ALERTA_DDOS,0.0000
1780891079.6959,2026-06-07 23:57:59,ALERTA_DDOS,0.9925
1780891080.7019,2026-06-07 23:58:00,ALERTA_DDOS,0.0000
1780891081.7093,2026-06-07 23:58:01,ALERTA_DDOS,0.0000
1780891082.7107,2026-06-07 23:58:02,ALERTA_DDOS,0.0000
1780891092.7495,2026-06-07 23:58:12,ALERTA_DDOS,1.0451
1780891093.7620,2026-06-07 23:58:13,ALERTA_DDOS,0.0000
1780891094.7700,2026-06-07 23:58:14,ALERTA_DDOS,0.0000
1780891104.8189,2026-06-07 23:58:24,ALERTA_DDOS,0.1140
1780891105.8257,2026-06-07 23:58:25,ALERTA_DDOS,0.0000
1780891106.8150,2026-06-07 23:58:26,ALERTA_DDOS,0.0000
1780891107.8253,2026-06-07 23:58:27,ALERTA_DDOS,0.0000
1780891117.8921,2026-06-07 23:58:37,ALERTA_DDOS,0.1866
1780891118.8807,2026-06-07 23:58:38,ALERTA_DDOS,0.0000
1780891119.8880,2026-06-07 23:58:39,ALERTA_DDOS,0.0000
1780891120.9146,2026-06-07 23:58:40,ALERTA_DDOS,0.0000
1780891130.9658,2026-06-07 23:58:50,ALERTA_DDOS,0.2594
1780891131.9740,2026-06-07 23:58:51,ALERTA_DDOS,0.0000
1780891132.9617,2026-06-07 23:58:52,ALERTA_DDOS,0.0000
1780891133.9693,2026-06-07 23:58:53,ALERTA_DDOS,0.0000
1780891144.0309,2026-06-07 23:59:04,ALERTA_DDOS,0.3241
1780891145.0380,2026-06-07 23:59:05,ALERTA_DDOS,0.0000
1780891146.0277,2026-06-07 23:59:06,ALERTA_DDOS,0.0000
1780891147.0323,2026-06-07 23:59:07,ALERTA_DDOS,0.0000
1780891157.0882,2026-06-07 23:59:17,ALERTA_DDOS,0.3806
1780891158.0887,2026-06-07 23:59:18,ALERTA_DDOS,0.0000
1780891159.0968,2026-06-07 23:59:19,ALERTA_DDOS,0.0000
1780891160.1052,2026-06-07 23:59:20,ALERTA_DDOS,0.0000
1780891170.1583,2026-06-07 23:59:30,ALERTA_DDOS,0.4500
1780891171.1680,2026-06-07 23:59:31,ALERTA_DDOS,0.0000
1780891172.1551,2026-06-07 23:59:32,ALERTA_DDOS,0.0000
1780891173.1665,2026-06-07 23:59:33,ALERTA_DDOS,0.0000
1780891183.2086,2026-06-07 23:59:43,ALERTA_DDOS,0.5000
1780891184.2064,2026-06-07 23:59:44,ALERTA_DDOS,0.0000
1780891185.2164,2026-06-07 23:59:45,ALERTA_DDOS,0.0000
1780891186.2133,2026-06-07 23:59:46,ALERTA_DDOS,0.0000
1780891196.2589,2026-06-07 23:59:56,ALERTA_DDOS,0.5508
1780891197.2657,2026-06-07 23:59:57,ALERTA_DDOS,0.0000
1780891198.2780,2026-06-07 23:59:58,ALERTA_DDOS,0.0000
1780891199.2656,2026-06-07 23:59:59,ALERTA_DDOS,0.0000
1780891209.3042,2026-06-08 00:00:09,ALERTA_DDOS,0.5972
1780891210.3114,2026-06-08 00:00:10,ALERTA_DDOS,0.0000
1780891211.3180,2026-06-08 00:00:11,ALERTA_DDOS,0.0000
1780891212.3035,2026-06-08 00:00:12,ALERTA_DDOS,0.0000
1780891222.3795,2026-06-08 00:00:22,ALERTA_DDOS,0.6738
1780891223.3790,2026-06-08 00:00:23,ALERTA_DDOS,0.0000
1780891224.3863,2026-06-08 00:00:24,ALERTA_DDOS,0.0000
1780891225.3835,2026-06-08 00:00:25,ALERTA_DDOS,0.0000
1780891235.4521,2026-06-08 00:00:35,ALERTA_DDOS,0.7474
1780891236.4406,2026-06-08 00:00:36,ALERTA_DDOS,0.0000
1780891237.4479,2026-06-08 00:00:37,ALERTA_DDOS,0.0000
1780891238.4547,2026-06-08 00:00:38,ALERTA_DDOS,0.0000
1780891248.5057,2026-06-08 00:00:48,ALERTA_DDOS,0.8027
1780891249.5115,2026-06-08 00:00:49,ALERTA_DDOS,0.0000
1780891250.5185,2026-06-08 00:00:50,ALERTA_DDOS,0.0000
1780891251.5268,2026-06-08 00:00:51,ALERTA_DDOS,0.0000
1780891261.5570,2026-06-08 00:01:01,ALERTA_DDOS,0.8553
1780891262.5711,2026-06-08 00:01:02,ALERTA_DDOS,0.0000
1780891263.5802,2026-06-08 00:01:03,ALERTA_DDOS,0.0000
1780891264.5789,2026-06-08 00:01:04,ALERTA_DDOS,0.0000
1780891274.6165,2026-06-08 00:01:14,ALERTA_DDOS,0.9167
1780891275.6253,2026-06-08 00:01:15,ALERTA_DDOS,0.0000
1780891276.6345,2026-06-08 00:01:16,ALERTA_DDOS,0.0000
1780891277.6390,2026-06-08 00:01:17,ALERTA_DDOS,0.0000
1780891287.6949,2026-06-08 00:01:27,ALERTA_DDOS,0.9966
1780891288.7025,2026-06-08 00:01:28,ALERTA_DDOS,0.0000
1780891289.7093,2026-06-08 00:01:29,ALERTA_DDOS,0.0000
1780891290.7114,2026-06-08 00:01:30,ALERTA_DDOS,0.0000
1780891300.7684,2026-06-08 00:01:40,ALERTA_DDOS,1.0713
1780891301.7704,2026-06-08 00:01:41,ALERTA_DDOS,0.0000
1780891302.7762,2026-06-08 00:01:42,ALERTA_DDOS,0.0000
1780891312.8297,2026-06-08 00:01:52,ALERTA_DDOS,0.1340
1780891313.8327,2026-06-08 00:01:53,ALERTA_DDOS,0.0000
1780891314.8487,2026-06-08 00:01:54,ALERTA_DDOS,0.0000
1780891315.8522,2026-06-08 00:01:55,ALERTA_DDOS,0.0000
1780891325.8833,2026-06-08 00:02:05,ALERTA_DDOS,0.1891
1780891326.8917,2026-06-08 00:02:06,ALERTA_DDOS,0.0000
1780891327.8983,2026-06-08 00:02:07,ALERTA_DDOS,0.0000
1780891328.9059,2026-06-08 00:02:08,ALERTA_DDOS,0.0000
1780891338.9616,2026-06-08 00:02:18,ALERTA_DDOS,0.2688
1780891339.9624,2026-06-08 00:02:19,ALERTA_DDOS,0.0000
1780891340.9702,2026-06-08 00:02:20,ALERTA_DDOS,0.0000
1780891341.9787,2026-06-08 00:02:21,ALERTA_DDOS,0.0000
1780891352.0497,2026-06-08 00:02:32,ALERTA_DDOS,0.3585
1780891353.0381,2026-06-08 00:02:33,ALERTA_DDOS,0.0000
1780891354.0432,2026-06-08 00:02:34,ALERTA_DDOS,0.0000
1780891355.0532,2026-06-08 00:02:35,ALERTA_DDOS,0.0000
1780891365.1250,2026-06-08 00:02:45,ALERTA_DDOS,0.4352
1780891366.1317,2026-06-08 00:02:46,ALERTA_DDOS,0.0000
1780891367.1394,2026-06-08 00:02:47,ALERTA_DDOS,0.0000
1780891368.1383,2026-06-08 00:02:48,ALERTA_DDOS,0.0000
1780891378.1764,2026-06-08 00:02:58,ALERTA_DDOS,0.4881
1780891379.1740,2026-06-08 00:02:59,ALERTA_DDOS,0.0000
1780891380.1722,2026-06-08 00:03:00,ALERTA_DDOS,0.0000
1780891381.1821,2026-06-08 00:03:01,ALERTA_DDOS,0.0000
1780891391.2354,2026-06-08 00:03:11,ALERTA_DDOS,0.5487
1780891392.2452,2026-06-08 00:03:12,ALERTA_DDOS,0.0000
1780891393.2440,2026-06-08 00:03:13,ALERTA_DDOS,0.0000
1780891394.2539,2026-06-08 00:03:14,ALERTA_DDOS,0.0000
1780891404.3249,2026-06-08 00:03:24,ALERTA_DDOS,0.6396
1780891405.3136,2026-06-08 00:03:25,ALERTA_DDOS,0.0000
1780891406.3203,2026-06-08 00:03:26,ALERTA_DDOS,0.0000
1780891407.3307,2026-06-08 00:03:27,ALERTA_DDOS,0.0000
1780891417.3919,2026-06-08 00:03:37,ALERTA_DDOS,0.7080
1780891418.3852,2026-06-08 00:03:38,ALERTA_DDOS,0.0000
1780891419.3911,2026-06-08 00:03:39,ALERTA_DDOS,0.0000
1780891420.3984,2026-06-08 00:03:40,ALERTA_DDOS,0.0000
1780891430.4556,2026-06-08 00:03:50,ALERTA_DDOS,0.7729
1780891431.4623,2026-06-08 00:03:51,ALERTA_DDOS,0.0000
1780891432.4622,2026-06-08 00:03:52,ALERTA_DDOS,0.0000
1780891433.4691,2026-06-08 00:03:53,ALERTA_DDOS,0.0000
1780891443.5291,2026-06-08 00:04:03,ALERTA_DDOS,0.8476
1780891444.5226,2026-06-08 00:04:04,ALERTA_DDOS,0.0000
1780891445.5197,2026-06-08 00:04:05,ALERTA_DDOS,0.0000
1780891446.5271,2026-06-08 00:04:06,ALERTA_DDOS,0.0000
1780891456.6039,2026-06-08 00:04:16,ALERTA_DDOS,0.9238
