1780600968.9069295,176,1,99
1780600969.9492261,132,1,99
1780600970.965273,132,1,100
1780600971.9977357,132,1,99
1780600973.0036619,132,1,99
1780600974.031756,128,1,100
1780600975.0904164,133,1,99
1780600976.098186,131,1,99
1780600977.130661,134,1,99
1780600978.1707315,128,1,100
1780600979.1841352,132,1,99
1780600980.1942499,132,1,99
1780600981.216099,128,1,100
1780600982.2498252,132,1,99
1780600983.27409,134,1,99
1780600984.2954893,130,1,99
1780600985.3181405,132,1,99
1780600986.351994,152,1,99
1780600987.354645,108,1,99
1780600988.366513,130,1,99
1780600989.3853555,132,1,99
1780600990.397313,132,1,99
1780600991.4287739,132,1,99
1780600992.450947,130,1,100
1780600993.480453,134,1,99
1780600994.4979053,144,1,99
1780600995.51291,112,1,100
1780600996.5291393,132,1,99
1780600997.5630808,132,1,99
1780600998.5780277,132,1,99
1780600999.6116333,132,1,99
1780601000.6225376,130,1,99
1780601001.6464872,130,1,99
1780601002.6616528,130,1,99
1780601003.693962,132,1,99
1780601004.709795,132,1,99
1780601005.7256515,132,1,99
1780601006.7436316,126,1,100
1780601007.7706459,134,1,99
1780601008.8093426,132,1,99
1780601009.824725,128,1,99
1780601010.8577356,134,1,99
1780601011.8898084,130,1,99
1780601012.906537,130,1,99
1780601013.9410987,130,1,99
1780601014.9528859,130,1,99
1780601015.9896755,132,1,99
1780601017.0056593,128,1,99
1780601018.038659,136,1,99
1780601019.0561974,130,1,99
1780601020.104539,136,1,99
1780601021.1376626,140,1,99
1780601022.153984,120,1,99
1780601023.1723144,132,1,99
1780601024.2048018,130,1,99
1780601025.220789,130,1,99
1780601026.2530835,132,1,99
1780601027.281364,136,1,99
1780601028.3189,128,1,100
1780601029.3353403,130,1,99
1780601030.353788,132,1,99
1780601031.3843076,128,1,100
1780601032.3979495,132,1,99
1780601033.4166825,132,1,99
1780601034.433729,130,1,99
1780601035.4666905,147,1,99
1780601036.4844117,113,1,99
1780601037.4963639,132,1,99
1780601038.5296922,132,1,99
1780601039.548799,128,1,99
1780601040.55927,132,1,99
1780601041.5718288,130,1,99
1780601042.5886848,130,1,99
1780601043.611407,132,1,99
1780601044.6217997,132,1,99
1780601045.63847,126,1,100
1780601046.654065,130,1,99
1780601047.6665084,132,1,99
1780601048.6832838,128,1,100
1780601049.6991327,132,1,99
1780601050.7138972,132,1,99
1780601051.7315507,130,1,99
1780601052.7486684,132,1,99
1780601053.7622054,126,1,99
1780601054.7788608,132,1,99
1780601055.795247,128,1,100
1780601056.8134842,130,1,99
1780601057.8271701,132,1,99
1780601058.8390558,130,1,99
1780601059.8565452,128,1,99
1780601060.874142,130,1,99
1780601061.885806,132,1,99
1780601062.902915,128,1,100
1780601063.9242008,132,1,99
1780601064.932462,132,1,99
1780601065.9431694,126,1,100
1780601066.962136,132,1,99
1780601067.979647,130,1,99
1780601068.9917238,132,1,99
1780601070.0072913,130,1,99
1780601071.0226347,130,1,99
1780601072.0383084,134,1,99
1780601073.0571396,128,1,99
1780601074.0705786,128,1,99
1780601075.0877619,132,1,99
1780601076.1030986,132,1,99
1780601077.118111,128,1,100
1780601078.132879,132,1,99
1780601079.1446848,130,1,99
1780601080.1570427,126,1,100
1780601081.1731694,132,1,99
1780601082.1860974,130,1,99
1780601083.2053046,132,1,99
1780601084.218838,130,1,99
1780601085.2358842,128,1,99
1780601086.2537696,132,1,99
1780601087.268938,130,1,99
1780601088.289624,128,1,99
1780601089.2993863,132,1,99
1780601090.314556,130,1,99
1780601091.3272684,130,1,99
1780601092.342413,130,1,99
1780601093.356817,130,1,99
1780601094.3782547,128,1,100
1780601095.3939004,132,1,99
1780601096.4095259,130,1,99
1780601097.4268405,132,1,99
1780601098.4384074,132,1,99
1780601099.45281,130,1,99
1780601100.4659183,132,1,99
1780601101.4821002,124,1,100
1780601102.494914,132,1,99
1780601103.5100594,134,1,99
1780601104.5256329,128,1,100
1780601105.5403454,132,1,99
1780601106.557838,128,1,99
1780601107.5678158,132,1,99
1780601108.5888631,130,1,99
1780601109.606024,130,1,99
1780601110.6229408,130,1,99
1780601111.6388223,130,1,99
1780601112.6529026,130,1,99
1780601113.6649384,132,1,99
1780601114.6777368,128,1,99
1780601115.69354,128,1,99
1780601116.7115562,132,1,99
1780601117.7243576,132,1,99
1780601118.740915,128,1,100
1780601119.7555869,132,1,99
1780601120.771697,128,1,99
1780601121.7871172,130,1,99
1780601122.804159,132,1,99
1780601123.820078,128,1,99
1780601124.8374834,132,1,99
1780601125.855424,130,1,99
1780601126.8700933,130,1,99
1780601127.884383,132,1,99
1780601128.9030492,130,1,99
1780601129.9165957,130,1,99
1780601130.930472,128,1,99
1780601131.945065,130,1,99
1780601132.9624364,132,1,99
1780601133.9759653,132,1,99
1780601134.992265,130,1,99
1780601136.0063937,128,1,100
1780601137.0191002,130,1,99
1780601138.037687,130,1,99
1780601139.0525913,128,1,99
1780601140.066772,130,1,99
1780601141.0854943,130,1,99
1780601142.1013513,132,1,99
1780601143.113593,128,1,100
1780601144.1313884,132,1,99
1780601145.146997,132,1,99
1780601146.1626081,124,1,100
1780601147.178279,132,1,99
1780601148.1946871,130,1,99
1780601149.2102876,132,1,99
1780601150.2253432,130,1,99
1780601151.2438197,130,1,99
1780601152.2561812,132,1,99
1780601153.2676678,126,1,99
1780601154.283454,130,1,99
1780601155.2979786,134,1,99
1780601156.3243406,130,1,99
1780601157.3598928,134,1,99
1780601158.3914287,132,1,99
1780601159.416972,132,1,99
1780601160.457553,132,1,100
1780601161.4810512,132,1,99
1780601162.497505,132,1,99
1780601163.5119643,128,1,99
1780601164.5333345,130,1,99
1780601165.5615718,132,1,99
1780601166.5755491,132,1,99
1780601167.5929706,130,1,99
1780601168.6134303,130,1,99
1780601169.6299405,130,1,99
1780601170.6418562,132,1,99
1780601171.6598668,126,1,99
1780601172.678145,132,1,99
1780601173.6946301,132,1,99
1780601174.709943,128,1,100
1780601175.7270865,130,1,99
1780601176.762771,130,1,99
1780601177.7916617,134,1,99
1780601178.8053668,132,1,99
1780601179.822163,130,1,99
1780601180.8426886,130,1,99
1780601181.85621,128,1,99
1780601182.8756876,130,1,99
1780601183.8894331,132,1,99
1780601184.9176996,130,1,99
1780601185.93281,130,1,99
1780601186.9479623,132,1,99
1780601187.9622915,130,1,99
1780601188.980476,130,1,99
1780601189.9954984,130,1,99
1780601191.013561,130,1,99
1780601192.0256736,132,1,99
1780601193.0394082,128,1,99
1780601194.0509603,130,1,99
1780601195.067598,132,1,99
1780601196.0827851,128,1,100
1780601197.1001215,132,1,99
1780601198.1159701,132,1,99
1780601199.1366332,128,1,100
1780601200.1504245,130,1,99
1780601201.1667085,130,1,99
1780601202.1845105,128,1,99
1780601203.2038894,132,1,99
1780601204.2164085,130,1,99
1780601205.230555,132,1,99
1780601206.2390478,130,1,99
1780601207.2903988,132,1,99
1780601208.3193874,134,1,99
1780601209.3513472,130,1,99
1780601210.373328,130,1,99
1780601211.4089797,134,1,99
1780601212.412705,130,1,99
1780601213.4384778,128,1,100
1780601214.4520826,130,1,99
1780601215.4681408,132,1,99
1780601216.4804213,130,1,99
1780601217.4960184,132,1,99
1780601218.508197,130,1,99
1780601219.523898,128,1,99
1780601220.5527716,130,1,99
1780601221.5865808,134,1,99
1780601222.617544,132,1,99
1780601223.6494741,132,1,99
1780601224.6705782,132,1,99
1780601225.7032878,130,1,99
1780601226.7337246,134,1,99
1780601227.7495975,128,1,100
1780601228.7853262,134,1,99
1780601229.808201,134,1,99
1780601230.8362148,128,1,100
1780601231.8698807,132,1,99
1780601232.9030263,136,1,99
1780601233.9335103,130,1,99
1780601234.965494,132,1,99
1780601236.0025694,134,1,99
1780601237.0334985,132,1,99
1780601238.0698335,136,1,99
1780601239.0713596,130,1,99
1780601240.1051614,132,1,99
1780601241.145873,132,1,99
1780601242.1934786,132,1,100
1780601243.2235172,136,1,99
1780601244.241301,130,1,99
1780601245.2772052,144,1,99
1780601246.29587,122,1,99
1780601247.33167,130,1,99
1780601248.3635535,132,1,99
1780601249.3977587,132,1,99
1780601250.4267185,132,1,99
1780601251.4619443,134,1,99
1780601252.4933178,132,1,99
1780601253.5275786,130,1,99
1780601254.5618846,136,1,99
1780601255.5933485,130,1,99
1780601256.5962439,130,1,99
1780601257.641536,132,1,99
1780601258.6719842,132,1,99
1780601259.7043872,134,1,99
1780601260.7361634,130,1,99
1780601261.7708957,132,1,99
1780601262.8051455,134,1,99
1780601263.8221183,132,1,99
1780601264.8367763,130,1,99
1780601265.8743908,130,1,99
1780601266.9065173,132,1,99
1780601267.9385664,130,1,99
1780601268.9723544,136,1,99
1780601270.0032208,130,1,99
1780601271.0379813,136,1,99
1780601272.070292,132,1,99
1780601273.1061754,130,1,99
1780601274.1348686,136,1,99
1780601275.165371,130,1,99
1780601276.1972666,134,1,99
1780601277.2294738,132,1,99
1780601278.2608044,130,1,99
1780601279.2948515,134,1,99
1780601280.342574,136,1,99
1780601281.3650677,130,1,99
1780601282.3991659,134,1,99
1780601283.433488,132,1,99
1780601284.466808,130,1,99
1780601285.4989445,134,1,99
1780601286.532774,132,1,99
1780601287.5614843,134,1,99
1780601288.5941527,134,1,99
1780601289.6308527,128,1,100
1780601290.6624045,136,1,99
1780601291.694891,130,1,99
1780601292.7279804,130,1,99
1780601293.75429,132,1,99
1780601294.7846131,134,1,99
1780601295.8199425,130,1,99
1780601296.851838,132,1,100
1780601297.8701127,132,1,99
1780601298.9058602,130,1,99
1780601299.9414303,136,1,99
1780601300.9589622,128,1,100
1780601301.9926198,132,1,99
1780601303.0274384,136,1,99
1780601304.0530128,130,1,99
1780601305.0865507,132,1,99
1780601306.1195066,134,1,99
1780601307.159119,132,1,99
1780601308.1892493,132,1,99
1780601309.2213993,130,1,99
1780601310.2504818,138,1,99
1780601311.2818387,132,1,99
1780601312.3129134,128,1,100
1780601313.330474,132,1,99
1780601314.3599973,130,1,99
1780601315.396842,132,1,100
1780601316.4304998,132,1,99
1780601317.4633825,136,1,99
1780601318.499327,130,1,99
1780601319.5028672,130,1,99
1780601320.53833,130,1,99
1780601321.5673075,134,1,99
1780601322.5939581,132,1,99
1780601323.6300347,130,1,99
1780601324.6689281,136,1,99
1780601325.696539,132,1,99
1780601326.7303038,132,1,100
1780601327.758728,132,1,99
1780601328.7921505,132,1,99
1780601329.8251772,130,1,100
1780601330.8536968,134,1,99
1780601331.8851917,132,1,99
1780601332.9193869,132,1,99
1780601333.954172,132,1,99
1780601334.9904647,134,1,99
1780601336.0249314,132,1,99
1780601337.0591419,136,1,99
1780601338.0791712,128,1,99
1780601339.1129978,132,1,99
1780601340.11642,134,1,99
1780601341.148062,128,1,100
1780601342.1642065,130,1,99
1780601343.195345,132,1,99
1780601344.2250583,134,1,99
1780601345.255752,130,1,99
1780601346.2867246,133,1,99
1780601347.3142421,129,1,99
1780601348.34847,134,1,99
1780601349.38136,132,1,99
1780601350.414083,132,1,99
1780601351.4501703,134,1,99
1780601352.4851067,130,1,99
1780601353.5025666,134,1,99
1780601354.541782,132,1,99
1780601355.572994,152,1,99
1780601356.5908837,108,1,100
1780601357.6236546,134,1,99
1780601358.6404004,128,1,99
1780601359.658415,128,1,100
1780601360.6720371,132,1,99
1780601361.7026258,134,1,99
1780601362.7313707,128,1,100
1780601363.7653344,134,1,99
1780601364.795084,134,1,99
1780601365.8263724,132,1,99
1780601366.858689,132,1,99
1780601367.8921835,132,1,99
1780601368.9278195,132,1,99
1780601369.962753,132,1,99
1780601370.9809918,132,1,99
1780601372.0461032,134,1,99
1780601373.0668585,132,1,99
1780601374.1012473,130,1,99
1780601375.1155326,130,1,99
1780601376.124944,132,1,99
1780601377.1512911,128,1,100
1780601378.1834223,134,1,99
1780601379.1987123,132,1,99
1780601380.2303605,132,1,99
1780601381.2734597,130,1,99
1780601382.2986245,136,1,99
1780601383.3152778,130,1,99
1780601384.3444405,130,1,99
1780601385.3709638,132,1,99
1780601386.4046075,130,1,99
1780601387.4237728,132,1,99
1780601388.4601352,156,1,99
1780601389.4785917,108,1,99
1780601390.5160255,132,1,99
1780601391.5402112,132,1,99
1780601392.576449,132,1,99
1780601393.6077528,132,1,99
1780601394.6468663,134,1,99
1780601395.6770597,130,1,99
1780601396.7098155,136,1,99
1780601397.7267473,130,1,99
1780601398.7545931,134,1,99
1780601399.7844381,130,1,99
1780601400.7994902,130,1,99
1780601401.8317878,132,1,99
1780601402.8646967,134,1,99
1780601403.9017136,130,1,99
1780601404.9341488,136,1,99
1780601405.9543705,132,1,99
1780601406.9593616,124,1,100
1780601407.9917824,132,1,99
1780601409.0247302,136,1,99
1780601410.0555906,128,1,100
1780601411.08263,156,1,99
1780601412.1190727,112,1,99
1780601413.1563556,130,1,99
1780601414.1673782,132,1,99
1780601415.198398,136,1,99
1780601416.231519,132,1,99
1780601417.2620943,130,1,99
1780601418.2950323,134,1,99
1780601419.3100567,130,1,99
1780601420.340937,136,1,99
1780601421.3771594,130,1,99
1780601422.4139652,134,1,99
1780601423.4509246,132,1,99
1780601424.4508078,130,1,99
1780601425.4865274,132,1,99
1780601426.5187004,136,1,99
1780601427.5506256,130,1,99
1780601428.5813098,130,1,99
1780601429.5980365,132,1,99
1780601430.6312947,132,1,99
1780601431.6500175,130,1,99
1780601432.6838877,132,1,99
1780601433.6974828,132,1,99
1780601434.729696,132,1,99
1780601435.7594335,130,1,99
1780601436.7892263,132,1,99
1780601437.820217,136,1,99
1780601438.8538175,130,1,99
1780601439.8792176,132,1,99
1780601440.9254737,134,1,99
1780601441.946076,132,1,99
1780601442.9792795,128,1,100
1780601444.0102434,136,1,99
1780601445.043231,132,1,99
1780601446.057922,128,1,100
1780601447.0904305,136,1,99
1780601448.1268237,132,1,99
1780601449.1617393,132,1,99
1780601450.1930323,132,1,99
1780601451.22546,134,1,99
1780601452.2553308,130,1,99
1780601453.2814226,138,1,99
1780601454.317516,128,1,100
1780601455.3450544,132,1,99
1780601456.3810785,134,1,99
1780601457.4172397,130,1,99
1780601458.4516509,134,1,99
1780601459.4878523,132,1,99
1780601460.503665,134,1,99
1780601461.5398912,132,1,99
1780601462.5567265,130,1,99
1780601463.582692,138,1,99
1780601464.6149876,130,1,99
1780601465.656492,132,1,99
1780601466.6876667,134,1,99
1780601467.7045262,132,1,99
1780601468.7367141,128,1,100
1780601469.7642128,134,1,99
1780601470.7988112,134,1,99
1780601471.8293178,132,1,99
1780601472.8582284,132,1,99
1780601473.8931525,136,1,99
1780601474.9251842,132,1,99
1780601475.9446802,130,1,99
1780601476.980599,134,1,99
1780601477.999947,132,1,99
1780601479.0184238,130,1,99
1780601480.038899,130,1,99
1780601481.0644994,134,1,99
1780601482.0925877,134,1,99
1780601483.1155589,128,1,100
1780601484.1500719,136,1,99
1780601485.1816695,132,1,99
1780601486.210916,128,1,100
1780601487.2398703,134,1,99
1780601488.2708287,138,1,99
1780601489.3027768,130,1,99
1780601490.3351934,132,1,99
1780601491.3684032,136,1,99
1780601492.4051955,130,1,99
1780601493.4237087,132,1,99
1780601494.4595966,134,1,99
1780601495.4924502,141,1,99
1780601496.5139134,125,1,99
1780601497.526459,128,1,100
1780601498.5422819,134,1,99
1780601499.5741944,136,1,99
1780601500.5839489,124,1,100
1780601501.605773,136,1,99
1780601502.6444912,134,1,99
1780601503.675468,132,1,99
1780601504.7067766,132,1,99
1780601505.7540345,132,1,99
1780601506.7682211,130,1,99
1780601507.7974913,132,1,99
1780601508.8324828,136,1,99
1780601509.8505476,130,1,99
1780601510.887409,132,1,99
1780601511.904821,134,1,99
1780601512.9417195,130,1,99
1780601513.9726276,134,1,99
1780601515.004968,130,1,99
1780601516.0350037,134,1,99
1780601517.067899,132,1,99
1780601518.1023686,136,1,99
1780601519.1386333,130,1,99
1780601520.171533,138,1,99
1780601521.2002826,132,1,99
1780601522.2439609,132,1,99
1780601523.2760859,134,1,99
1780601524.3100107,130,1,99
1780601525.3195834,132,1,99
1780601526.3582468,134,1,99
1780601527.3914428,134,1,99
1780601528.4273841,132,1,99
1780601529.46118,136,1,99
1780601530.4942198,128,1,100
1780601531.5154986,132,1,99
1780601532.5523446,134,1,99
1780601533.5779061,132,1,99
1780601534.6167984,130,1,99
1780601535.6353493,136,1,99
1780601536.6810849,132,1,99
1780601537.6953201,128,1,100
1780601538.7258203,136,1,99
1780601539.7600079,132,1,99
1780601540.7884822,132,1,99
1780601541.8212247,130,1,99
1780601542.8523254,134,1,99
1780601578.630842,71,2,99
1780601579.6605964,136,1,99
1780601580.6925673,132,1,99
1780601581.714239,130,1,99
1780601582.755815,130,1,99
1780601583.788607,136,1,99
1780601584.8177493,130,1,99
1780601585.8539402,132,1,99
1780601586.8824313,134,1,99
1780601587.9191344,130,1,99
1780601588.9417865,136,1,99
1780601589.9893215,134,1,99
1780601591.010471,137,1,99
1780601592.0431504,125,1,99
1780601593.058315,130,1,99
1780601594.0809684,124,1,100
1780601595.0803938,161,1,99
1780601596.106778,103,1,99
1780601597.1390355,132,1,100
1780601598.1706045,132,1,99
1780601599.1991322,130,1,99
1780601600.231393,130,1,99
1780601601.2631907,136,1,99
1780601602.2976756,132,1,99
1780601603.3287513,134,1,99
1780601604.3649971,130,1,99
1780601605.3816435,132,1,99
1780601606.4169366,132,1,99
1780601607.4516425,136,1,99
1780601608.4872906,132,1,100
1780601609.507191,132,1,99
1780601610.5252552,130,1,99
1780601611.5588515,128,1,100
1780601612.5738347,132,1,99
1780601613.6038976,132,1,99
1780601614.6168485,130,1,99
1780601615.6631618,130,1,99
1780601616.7111168,138,1,99
1780601617.7411714,134,1,99
1780601618.7642198,130,1,99
1780601619.8058805,132,1,99
1780601620.841416,134,1,99
1780601621.8610709,134,1,99
1780601622.9044642,134,1,99
1780601623.9061635,152,1,99
1780601624.9352524,106,1,99
1780601625.9695652,132,1,100
1780601627.001258,132,1,99
1780601628.0331912,136,1,99
1780601629.0818257,132,1,99
1780601630.0981393,132,1,99
1780601631.1181693,132,1,99
1780601632.1333327,128,1,99
1780601633.165214,136,1,99
1780601634.176121,130,1,99
1780601635.1932204,130,1,99
1780601636.2073872,130,1,99
1780601637.2203462,130,1,99
1780601638.2347176,130,1,99
1780601639.252374,130,1,99
1780601640.2595177,130,1,99
1780601641.2824805,130,1,99
1780601642.3120558,134,1,99
1780601643.3161743,126,1,99
1780601644.3584127,134,1,99
1780601645.3835022,132,1,99
1780601646.4037614,130,1,99
1780601647.434574,134,1,99
1780601648.462221,130,1,99
1780601649.4925675,134,1,99
1780601650.5064073,132,1,99
1780601651.5354984,128,1,100
1780601652.5577176,132,1,99
1780601653.581651,134,1,99
1780601654.608289,128,1,100
1780601655.647675,134,1,99
1780601656.658816,132,1,99
1780601657.6912613,130,1,99
1780601658.7110674,130,1,99
1780601659.7386186,136,1,99
1780601660.7766285,130,1,99
1780601661.796907,130,1,99
1780601662.8253973,132,1,99
1780601663.8410869,130,1,99
1780601664.8708322,136,1,99
1780601665.874335,128,1,99
1780601666.9086373,128,1,99
1780601667.9212554,132,1,99
1780601668.9454176,132,1,100
1780601669.9683876,132,1,99
1780601671.021892,132,1,99
1780601672.0268419,132,1,99
1780601673.0553002,130,1,99
1780601674.0731864,132,1,99
1780601675.0964584,130,1,99
1780601676.1202216,132,1,99
1780601677.1651723,134,1,99
1780601678.184074,132,1,99
1780601679.22159,134,1,99
1780601680.2447221,128,1,100
1780601681.2685604,134,1,99
1780601682.3063343,134,1,99
1780601683.3287659,130,1,100
1780601684.3508468,134,1,99
1780601685.3758144,132,1,99
1780601686.3926814,130,1,99
1780601687.419973,132,1,99
1780601688.4644482,136,1,99
1780601689.501935,130,1,99
1780601690.532621,132,1,99
1780601691.5430143,132,1,99
1780601692.559691,132,1,99
1780601693.5767777,130,1,99
1780601694.613461,130,1,100
1780601695.6448596,137,1,99
1780601696.6762562,131,1,99
1780601697.7068858,130,1,99
1780601698.74042,132,1,99
1780601699.7720103,134,1,99
1780601700.8034537,132,1,99
1780601701.8382373,132,1,99
1780601702.870559,132,1,99
1780601703.9077728,134,1,99
1780601704.941397,134,1,99
1780601705.9584348,132,1,99
1780601706.9930127,161,1,99
1780601708.0267138,132,1,99
1780601709.0617545,107,1,99
1780601710.0755517,134,1,99
1780601711.1078813,132,1,99
1780601712.1409984,136,1,99
1780601713.1712441,132,1,99
1780601714.2012305,130,1,99
1780601715.2346675,136,1,99
1780601716.2656791,130,1,99
1780601717.299188,134,1,99
1780601718.332105,136,1,99
1780601719.3643126,130,1,99
1780601720.3953874,132,1,100
1780601721.4321768,132,1,99
1780601722.4344852,132,1,99
1780601723.4637856,128,1,100
1780601724.4829173,134,1,99
1780601725.5187857,132,1,99
1780601726.5325813,132,1,99
1780601727.5690348,134,1,99
1780601728.6044195,130,1,99
1780601729.6338837,138,1,99
1780601730.6503298,130,1,99
1780601731.6808968,130,1,99
1780601732.7124975,132,1,99
1780601733.74472,136,1,99
1780601734.7757707,130,1,100
1780601735.805052,132,1,99
1780601736.8409233,138,1,99
1780601737.8759785,128,1,100
1780601738.8941627,134,1,99
1780601739.9312627,160,1,99
1780601740.9758322,108,1,99
1780601741.9984298,134,1,99
1780601743.01506,128,1,99
1780601744.0487478,136,1,99
1780601745.0603056,132,1,99
1780601746.0798585,132,1,99
1780601747.1149154,132,1,99
1780601748.1425502,153,1,99
1780601749.1905499,113,1,99
1780601750.224629,132,1,99
1780601751.254095,134,1,99
1780601752.2868407,132,1,99
1780601753.3181798,130,1,99
1780601754.3372118,134,1,99
1780601755.3684468,136,1,99
1780601756.4020164,130,1,99
1780601757.4533212,138,1,99
1780601758.4721043,130,1,99
1780601759.506656,136,1,99
1780601760.5245864,132,1,99
1780601761.540495,130,1,99
1780601762.5751379,134,1,99
1780601763.6070316,132,1,99
1780601764.6387224,134,1,99
1780601765.6703796,134,1,99
1780601766.7187486,136,1,99
1780601767.7496996,130,1,99
1780601768.7800226,134,1,99
1780601769.813648,136,1,99
1780601770.827571,128,1,100
1780601771.8618555,132,1,99
1780601772.8806615,132,1,99
1780601773.9136403,132,1,99
1780601774.9484406,134,1,99
1780601775.9675996,132,1,99
1780601777.0001671,132,1,99
1780601778.0209196,130,1,99
1780601779.0546272,136,1,99
1780601780.087806,132,1,99
1780601781.1202044,134,1,99
1780601782.1328616,128,1,100
1780601783.1660364,148,1,99
1780601784.1812189,120,1,99
1780601785.22785,139,1,99
1780601786.2598372,125,1,99
1780601787.291381,132,1,99
1780601788.3214927,130,1,99
1780601789.3556392,136,1,99
1780601790.3897202,132,1,99
1780601791.4225483,132,1,99
1780601792.4571028,136,1,99
1780601793.4767435,157,1,99
1780601794.4942858,105,1,99
1780601795.5249426,138,1,99
1780601796.5430431,126,1,100
1780601797.5542922,132,1,99
1780601798.5793264,130,1,99
1780601799.6115563,134,1,99
1780601800.6274529,132,1,99
1780601801.6582668,132,1,99
1780601802.6756039,130,1,99
1780601803.7064116,132,1,99
1780601804.7392387,132,1,99
1780601805.7692292,136,1,99
1780601806.8019502,132,1,99
1780601807.8345916,134,1,99
1780601808.8554494,130,1,99
1780601809.8728597,132,1,99
1780601810.9056516,132,1,99
1780601811.926082,130,1,99
1780601812.9585366,136,1,99
1780601813.9923663,130,1,99
1780601815.0247033,132,1,99
1780601816.0580218,148,1,99
1780601817.0906677,150,1,99
1780601818.1056204,100,2,100
1780601819.1373577,134,1,99
1780601820.1689444,134,1,99
1780601821.1983075,134,1,99
1780601822.2310207,130,1,99
1780601823.2643945,134,1,99
1780601824.2938018,132,1,99
1780601825.3316364,130,1,100
1780601826.348856,136,1,99
1780601827.3825328,130,1,99
1780601828.4138052,167,1,99
1780601829.435067,101,1,99
1780601830.470548,138,1,99
1780601831.504702,134,1,99
1780601832.5118527,130,1,99
1780601833.550426,130,1,99
1780601834.5841432,136,1,99
1780601835.6156034,136,1,99
1780601836.6477747,130,1,100
1780601837.6795943,164,1,99
1780601838.7097929,104,1,99
1780601839.7426136,169,1,99
1780601840.7721274,97,2,99
1780601841.8060093,136,1,99
1780601842.82381,130,1,99
1780601843.8540347,134,1,99
1780601844.8619082,134,1,99
1780601845.8942242,130,1,99
1780601846.9125977,134,1,99
1780601847.947434,132,1,99
1780601848.9762535,134,1,99
1780601850.0077825,134,1,99
1780601851.0381656,151,1,99
1780601852.0787385,113,1,99
1780601853.110775,136,1,99
1780601854.1419072,160,1,99
1780601855.1741035,106,1,99
1780601856.2053332,132,1,99
1780601857.2366982,134,1,99
1780601858.2708323,132,1,99
1780601859.3019018,134,1,99
1780601860.3172698,132,1,99
1780601861.3355923,134,1,99
1780601862.3693402,130,1,100
1780601863.4051485,136,1,99
1780601864.4724536,138,1,99
1780601865.507079,136,1,99
1780601866.5193982,128,1,99
1780601867.542913,134,1,99
1780601868.5580516,130,1,99
1780601869.5723753,163,1,99
1780601870.5893195,101,1,99
1780601871.6216478,136,1,99
1780601872.6553636,134,1,99
1780601873.6850758,128,1,100
1780601874.7137794,134,1,99
1780601875.747154,136,1,99
1780601876.777973,130,1,99
1780601877.810994,138,1,99
1780601878.831002,134,1,99
1780601879.8644938,130,1,99
1780601880.8827665,132,1,99
1780601881.9153664,142,1,99
1780601882.9314442,126,1,99
1780601883.969019,132,1,99
1780601885.0018837,132,1,99
1780601886.029025,134,1,99
1780601887.0471046,132,1,99
1780601888.067144,130,1,99
1780601889.0988777,134,1,99
1780601890.1314242,130,1,99
1780601891.176834,136,1,99
1780601892.2097902,136,1,99
1780601893.2423744,160,1,99
1780601894.2750583,135,1,99
1780601895.3026528,105,1,99
1780601896.3391948,132,1,99
1780601897.3750684,138,1,99
1780601898.4075475,130,1,99
1780601899.4588716,136,1,99
1780601900.509783,136,1,99
1780601901.5434065,136,1,99
1780601902.5618358,130,1,99
1780601903.5948741,136,1,99
1780601904.6120698,130,1,99
1780601905.625752,134,1,99
1780601906.6596549,130,1,99
1780601907.6722536,132,1,99
1780601908.7202926,138,1,99
1780601909.7519803,128,1,100
1780601910.7843127,136,1,99
1780601911.815316,134,1,99
1780601912.8425508,130,1,99
1780601913.879894,161,1,99
1780601914.9143891,103,1,99
1780601915.949531,134,1,99
1780601916.9830394,130,1,99
1780601918.003524,132,1,99
1780601919.038042,136,1,99
1780601920.0531235,134,1,99
1780601921.0899754,128,1,100
1780601922.123271,130,1,99
1780601923.1372154,134,1,99
1780601924.167624,132,1,100
1780601925.201934,132,1,99
1780601926.2465854,138,1,99
1780601927.2791386,130,1,99
1780601928.3098154,134,1,99
1780601929.340746,134,1,99
1780601930.3733492,130,1,99
1780601931.4069695,134,1,99
1780601932.4392781,134,1,99
1780601933.4596918,130,1,99
1780601934.4617467,132,1,99
1780601935.4818275,130,1,99
1780601936.5149937,132,1,99
1780601937.5518966,134,1,99
1780601938.5674708,132,1,99
1780601939.5827596,130,1,99
1780601940.5996573,132,1,99
1780601941.6148212,132,1,99
1780601942.6401584,130,1,99
1780601943.6781538,138,1,99
1780601944.7126694,130,1,99
1780601945.7231643,132,1,99
1780601946.7559562,134,1,99
1780601947.789379,165,1,99
1780601948.8068237,99,2,99
1780601949.8354845,134,1,99
1780601950.8547878,130,1,99
1780601951.9107933,138,1,99
1780601952.9266808,132,1,99
1780601953.9619882,130,1,99
1780601954.994905,140,1,99
1780601956.007323,128,1,99
1780601957.0388217,134,1,99
1780601958.0612226,134,1,99
1780601959.093731,132,1,99
1780601960.1252172,136,1,99
1780601961.1565218,130,1,99
1780601962.1853578,132,1,99
1780601963.2185266,138,1,99
1780601964.2502232,130,1,99
1780601965.2800605,132,1,99
1780601966.2966673,134,1,99
1780601967.3208258,130,1,99
1780601968.3517954,130,1,100
1780601969.3887694,136,1,99
1780601970.4054248,132,1,99
1780601971.4391344,134,1,99
1780601972.4698722,132,1,99
1780601973.502863,132,1,99
1780601974.5346076,136,1,99
1780601975.5721145,132,1,99
1780601976.5838628,134,1,99
1780601977.6347504,136,1,99
1780601978.6515794,132,1,99
1780601979.6820824,132,1,99
1780601980.7129617,132,1,99
1780601981.7446704,134,1,99
1780601982.7613268,132,1,99
1780601983.7938294,130,1,99
1780601984.8112464,132,1,99
1780601985.83192,130,1,99
1780601986.8655393,132,1,99
1780601987.8851502,136,1,99
1780601988.918122,132,1,99
1780601989.9464052,132,1,99
1780601990.9805176,134,1,99
1780601992.0111387,136,1,99
1780601993.0301898,128,1,100
1780601994.065605,132,1,99
1780601995.0969672,136,1,99
1780601996.1304283,132,1,99
1780601997.1767788,136,1,99
1780601998.192963,130,1,99
1780601999.2225266,134,1,99
1780602000.256124,130,1,99
1780602001.2875538,161,1,99
1780602002.3238108,105,1,99
1780602003.3403926,134,1,99
1780602004.3778152,128,1,100
1780602005.3950768,162,1,99
1780602006.4279628,108,1,99
1780602007.4606717,132,1,99
1780602008.4946175,136,1,99
1780602009.5253644,134,1,99
1780602010.5578723,134,1,99
1780602011.593572,132,1,99
1780602012.6039417,132,1,99
1780602013.6396484,132,1,99
1780602014.6883097,138,1,99
1780602015.7164185,128,1,100
1780602016.7508535,138,1,99
1780602017.7813225,134,1,99
1780602018.8100848,128,1,100
1780602019.8459382,136,1,99
1780602020.8819423,132,1,99
1780602021.900814,130,1,99
1780602022.9208224,132,1,99
1780602023.937369,132,1,99
1780602024.9721327,132,1,99
1780602026.0040417,132,1,99
1780602027.0376744,132,1,99
1780602028.0550485,156,1,99
1780602029.0857933,112,1,99
1780602030.1158934,157,1,99
1780602031.1553674,107,1,99
1780602032.188054,136,1,99
1780602033.21871,128,1,100
1780602034.2337067,134,1,99
1780602035.2667258,136,1,99
1780602036.3129144,132,1,99
1780602037.348806,134,1,99
1780602038.375809,132,1,99
1780602039.3964016,132,1,99
1780602040.4298806,162,1,99
1780602041.4827068,134,1,99
1780602042.512752,108,1,99
1780602043.5336297,134,1,99
1780602044.5655093,128,1,100
1780602045.5995126,134,1,99
1780602046.6258903,130,1,99
1780602047.6602154,134,1,99
1780602048.6975913,128,1,100
1780602049.7128024,130,1,99
1780602050.7286496,130,1,99
1780602051.7612839,128,1,100
1780602052.8041513,134,1,99
1780602053.8398836,130,1,99
1780602054.8747346,136,1,99
1780602055.901429,128,1,100
1780602056.936577,134,1,99
1780602057.9726593,134,1,99
1780602059.004649,128,1,100
1780602060.0236242,130,1,99
1780602061.057214,134,1,99
1780602062.0777032,130,1,99
1780602063.1117704,128,1,100
1780602064.1433887,134,1,99
1780602065.1725023,130,1,99
1780602066.2079775,132,1,100
1780602067.24248,130,1,99
1780602068.271833,160,1,99
1780602069.3047423,104,1,99
1780602070.3341606,128,1,100
1780602071.3660364,157,1,99
1780602072.3968673,109,1,99
1780602073.412058,130,1,99
1780602074.445057,128,1,100
1780602075.4815094,132,1,99
1780602076.5108888,132,1,99
1780602077.5339856,128,1,100
1780602078.583166,134,1,99
1780602079.6187553,132,1,99
1780602080.6389697,128,1,99
1780602081.6691256,132,1,100
1780602082.703264,130,1,99
1780602083.7195551,130,1,99
1780602084.7497907,130,1,100
1780602085.7782073,132,1,99
1780602086.8119946,134,1,99
1780602087.8622465,132,1,99
1780602088.8907351,130,1,99
1780602089.9255455,134,1,99
1780602090.956983,130,1,99
1780602091.986876,132,1,99
1780602093.023378,153,1,99
1780602094.0566492,109,1,99
1780602095.0748339,130,1,99
1780602096.093472,132,1,100
1780602097.1286817,130,1,99
1780602098.1466324,130,1,99
1780602099.1768947,128,1,100
1780602100.183708,132,1,99
1780602101.2142963,130,1,99
1780602102.231636,130,1,99
1780602103.259831,128,1,100
1780602104.293081,134,1,99
1780602105.3228593,130,1,99
1780602106.3382454,130,1,99
1780602107.370076,130,1,99
1780602108.4017851,130,1,99
1780602109.433495,134,1,99
1780602110.45219,128,1,100
1780602111.470764,130,1,99
1780602112.490197,128,1,99
1780602113.5084593,130,1,100
1780602114.5438254,130,1,99
1780602115.575179,136,1,99
1780602116.6098175,130,1,99
1780602117.6431165,128,1,100
1780602118.6747406,132,1,99
1780602119.7070138,132,1,99
1780602120.7406693,132,1,99
1780602121.7747653,158,1,99
1780602122.8028736,104,1,99
1780602123.8495069,134,1,99
1780602124.8809667,128,1,100
1780602125.9018278,134,1,99
1780602126.9461226,130,1,99
1780602127.9794836,132,1,99
1780602129.012769,130,1,100
1780602130.0480418,134,1,99
1780602131.0660813,132,1,99
1780602132.1018522,128,1,100
1780602133.1182432,130,1,99
1780602134.1528742,131,1,99
1780602135.1708598,133,1,99
1780602136.1997824,128,1,100
1780602137.2147293,130,1,99
1780602138.249916,130,1,99
1780602139.2660704,128,1,100
1780602140.2907975,134,1,99
1780602141.3273163,130,1,99
1780602142.359311,130,1,99
1780602143.3928206,130,1,100
1780602144.4240227,132,1,99
1780602145.4558542,130,1,99
1780602146.490204,132,1,100
1780602147.5110328,130,1,99
1780602148.5428793,130,1,99
1780602149.561699,130,1,99
1780602150.5802453,128,1,100
1780602151.6140296,134,1,99
1780602152.6464496,130,1,99
1780602153.675936,128,1,100
1780602154.709969,136,1,99
1780602155.726853,130,1,99
1780602156.7590196,132,1,99
1780602157.790557,132,1,100
1780602158.8053794,130,1,99
1780602159.8555405,130,1,99
1780602160.8871884,132,1,99
1780602161.918983,130,1,100
1780602162.9525383,130,1,99
1780602163.9875684,132,1,99
1780602165.0183725,130,1,100
1780602166.0377312,130,1,99
1780602167.056141,130,1,99
1780602168.090364,132,1,99
1780602169.1242616,130,1,100
1780602170.1536195,130,1,99
1780602171.1848266,132,1,99
1780683008.4721878,1,100,0
1780683009.4723494,114,1,99
1780683010.4953735,122,1,99
1780683011.510717,132,1,99
1780683012.5234158,145,1,99
1780683013.559239,121,1,99
1780683014.5938158,132,1,99
1780683015.6271164,128,1,100
1780683016.660507,134,1,99
1780683017.6940057,130,1,99
1780683018.7270648,132,1,99
1780683019.7429547,126,1,100
1780683020.777374,134,1,99
1780683021.8080142,130,1,99
1780683022.8425703,128,1,100
1780683023.8736808,134,1,99
1780683024.9062438,128,1,99
1780683025.9407923,132,1,99
1780683026.9747992,132,1,100
1780683028.0073404,130,1,99
1780683029.023358,130,1,99
1780683030.0721664,130,1,100
1780683031.10601,132,1,99
1780683032.1381462,130,1,99
1780683033.1550229,134,1,99
1780683034.188054,130,1,99
1780683035.2198048,130,1,99
1780683036.239256,130,1,99
1780683037.265479,132,1,100
1780683038.304257,130,1,99
1780683039.3194094,130,1,99
1780683040.3532276,130,1,99
1780683041.3866656,132,1,100
1780683042.4121895,130,1,99
1780683043.431954,130,1,99
1780683044.461486,136,1,100
1780683045.497338,124,1,99
1780683046.5188944,130,1,99
1780683047.5659816,132,1,99
1780683048.5944357,128,1,100
1780683049.6316655,134,1,99
1780683050.6803856,132,1,99
1780683051.711074,130,1,100
1780683052.7629952,142,1,99
1780683053.7811487,126,1,99
1780683054.8279662,130,1,99
1780683055.862916,128,1,100
1780683056.891445,132,1,99
1780683057.909534,132,1,99
1780683058.9415922,130,1,99
1780683059.9754012,132,1,100
1780683061.0246358,130,1,99
1780683062.0617743,130,1,99
1780683063.0957522,132,1,100
1780683064.1081717,130,1,99
1780683065.1463985,134,1,99
1780683066.194287,130,1,99
1780683067.2080452,128,1,100
1780683068.2390664,136,1,99
1780683069.2578206,130,1,99
1780683070.2809792,128,1,100
1780683071.2979622,128,1,99
1780683072.3065867,128,1,99
1780683073.323673,130,1,99
1780683074.3354309,128,1,100
1780683075.3492208,130,1,99
1780683076.3593774,128,1,99
1780683077.3715792,126,1,100
1780683078.385889,130,1,99
1780683079.3974378,130,1,99
1780683080.4092426,128,1,100
1780683081.4208226,128,1,99
1780683082.435395,128,1,99
1780683083.4508042,130,1,99
1780683084.4608397,128,1,100
1780683085.474422,128,1,99
1780683086.4855936,128,1,99
1780683087.5001473,128,1,100
1780683088.5193996,130,1,99
1780683089.5346353,130,1,99
1780683090.5459712,130,1,99
1780683091.561199,128,1,100
1780683092.5822625,128,1,99
1780683093.6365714,136,1,99
1780683094.6897326,132,1,100
1780683095.7412891,134,1,99
1780683096.7835119,134,1,99
1780683097.818569,130,1,99
1780683098.8689015,132,1,100
1780683099.9232674,134,1,99
1780683100.966107,134,1,99
1780683102.0290976,136,1,99
1780683103.0778058,130,1,100
1780683104.1035912,134,1,99
1780683105.1347406,132,1,99
1780683106.1861641,130,1,100
1780683107.2368436,134,1,99
1780683108.2906125,134,1,99
1780683109.338639,136,1,99
1780683110.390758,128,1,100
1780683111.4454417,134,1,99
1780683112.4794106,134,1,99
1780683113.526179,134,1,99
1780683114.5795398,130,1,100
1780683115.632864,136,1,99
1780683116.6857903,136,1,99
1780683117.7355192,165,1,99
1780683118.7851613,99,2,99
1780683119.8280852,134,1,99
1780683120.873062,134,1,99
1780683121.92107,132,1,100
1780683122.9733746,134,1,99
1780683124.029217,134,1,99
1780683125.074755,134,1,99
1780683126.1195638,132,1,99
1780683127.1729348,132,1,99
1780683128.2129247,134,1,99
1780683129.256352,134,1,99
1780683130.3075478,134,1,99
1780683131.347071,134,1,99
1780683132.3900614,130,1,99
1780683133.4406958,130,1,99
1780683134.4713929,136,1,99
1780683135.494392,132,1,99
1780683136.5278776,130,1,99
1780683137.5465765,130,1,100
1780683138.797898,130,1,99
1780683139.6322327,136,1,99
1780683140.6903234,132,1,100
1780683141.7077508,130,1,99
1780683142.7416103,130,1,99
1780683143.7966397,136,1,99
1780683144.8108304,128,1,100
1780683145.8312554,130,1,99
1780683146.8768327,138,1,99
1780683147.9233284,132,1,99
1780683148.9673915,130,1,100
1780683149.994383,132,1,99
1780683151.029494,132,1,99
1780683152.0514526,126,1,100
1780683153.0644898,132,1,99
1780683154.1171942,132,1,99
1780683155.1570604,134,1,99
1780683156.2012768,132,1,100
1780683157.251474,130,1,99
1780683158.3086069,136,1,99
1780683159.3245387,130,1,100
1780683160.358574,132,1,99
1780683161.373793,130,1,99
1780683162.4041035,130,1,99
1780683163.4127114,128,1,100
1780683164.4484367,132,1,99
1780683165.493699,132,1,99
1780683166.5193942,134,1,99
1780683167.5619464,128,1,100
1780683168.5687747,130,1,99
1780683169.5894532,130,1,99
1780683170.6078339,128,1,100
1780683171.626286,126,1,99
1780683172.6560133,143,1,99
1780683173.7178206,125,1,99
1780683174.752965,128,1,100
1780683182.668638,47,4,99
1780683183.6758406,142,1,100
1780683184.7283359,132,1,99
1780683185.7833505,157,1,99
1780683186.8314738,109,1,99
1780683187.8735929,134,1,99
1780683188.8961768,142,1,99
1780683189.8983552,118,1,99
1780683190.952704,134,1,99
1780683191.9839568,128,1,100
1780683193.0127068,130,1,99
1780683194.0529974,134,1,99
1780683195.0869823,128,1,100
1780683196.1058934,132,1,99
1780683197.1361365,132,1,99
1780683198.1718109,134,1,99
1780683199.185411,130,1,99
1780683200.236549,134,1,99
1780683201.2547355,130,1,99
1780683202.2927706,128,1,100
1780683203.3407652,134,1,99
1780683204.3612611,134,1,99
1780683205.3615148,128,1,99
1780683206.3791296,128,1,100
1780683207.3971527,128,1,99
1780683208.4328637,130,1,99
1780683209.4429727,130,1,100
1780683210.46442,128,1,99
1780683211.481527,130,1,99
1780683212.487986,132,1,99
1780683213.5229833,128,1,100
1780683214.5485015,141,1,99
1780683215.5800729,123,1,99
1780683216.617128,128,1,100
1780683217.6628866,155,1,99
1780683218.6908586,113,1,99
1780683219.7182157,132,1,99
1780683220.724063,126,1,99
1780683221.7539983,130,1,99
1780683222.8006709,134,1,99
1780683223.83404,132,1,100
1780683224.863747,132,1,99
1780683225.8659854,130,1,99
1780683226.8864284,128,1,99
1780683227.926305,132,1,100
1780683228.9575818,132,1,99
1780683229.992694,132,1,99
1780683231.012841,128,1,100
1780683232.0583904,130,1,99
1780683233.0749695,132,1,99
1780683234.1181855,132,1,99
1780683235.1505852,132,1,100
1780683236.1764846,132,1,99
1780683237.2368095,139,1,99
1780683238.2872508,131,1,99
1780683239.3021262,128,1,99
1780683240.3312173,132,1,99
1780683241.3507898,132,1,99
1780683242.382129,130,1,100
1780683243.4178343,132,1,99
1780683244.4252393,132,1,99
1780683245.4503484,132,1,99
1780683246.466732,128,1,100
1780683247.4901166,130,1,99
1780683248.52489,132,1,99
1780683249.5649529,130,1,100
1780683250.602095,134,1,99
1780683251.6320467,130,1,99
1780683252.6678207,130,1,99
1780683253.690363,134,1,99
1780683254.7299318,130,1,99
1780683255.748293,130,1,99
1780683256.765571,130,1,99
1780683257.8106396,134,1,99
1780683258.8590794,132,1,99
1780683259.8766372,134,1,99
1780683260.9172146,130,1,100
1780683261.9469078,136,1,99
1780683262.96715,130,1,99
1780683263.986617,128,1,99
1780683265.0287507,134,1,99
1780683266.0537379,132,1,99
1780683267.1000679,132,1,99
1780683268.1580622,132,1,100
1780683269.1907291,134,1,99
1780683270.2313902,136,1,99
1780683271.2473533,132,1,99
1780683272.3074453,128,1,100
1780683273.3542006,134,1,99
1780683274.379523,136,1,99
1780683275.4255865,128,1,100
1780683276.4682736,134,1,99
1780683277.4982855,130,1,99
1780683278.5283678,130,1,99
1780683279.5561597,128,1,100
1780683280.586383,136,1,99
1780683281.6111848,130,1,99
1780683282.646762,128,1,100
1780683283.670485,132,1,99
1780683284.6956527,130,1,99
1780683285.7127285,132,1,99
1780683286.742935,130,1,99
1780683287.7488728,130,1,99
1780683288.773044,132,1,99
1780683289.813756,130,1,99
1780683290.8419902,134,1,99
1780683291.8620818,128,1,99
1780683292.885497,134,1,99
1780683293.9202976,130,1,100
1780683294.9552124,130,1,99
1780683295.9961212,136,1,99
1780683297.0131269,128,1,100
1780683298.043047,132,1,99
1780683299.0764637,132,1,99
1780683300.0965047,130,1,99
1780683301.1522546,132,1,99
1780683302.1820714,134,1,99
1780683303.2202017,152,1,99
1780683304.2749875,118,1,99
1780683305.3329527,134,1,99
1780683306.3638794,130,1,99
1780683307.391719,163,1,99
1780683308.43273,103,1,99
1780683309.4894502,134,1,99
1780683310.5328443,164,1,99
1780683311.5786552,108,1,99
1780683312.6331758,132,1,100
1780683313.6634033,138,1,99
1780683314.7146292,132,1,99
1780683315.7268667,128,1,100
1780683316.7708092,136,1,99
1780683317.8187864,134,1,99
1780683318.855187,132,1,99
1780683319.8771222,130,1,99
1780683320.8945594,130,1,99
1780683321.9380264,136,1,99
1780683322.9526637,132,1,99
1780683323.9861493,162,1,100
1780683325.0346816,102,1,99
1780683326.0540693,130,1,99
1780683327.0736606,134,1,99
1780683328.1047175,128,1,99
1780683329.1325605,148,1,99
1780683330.1486218,118,1,99
1780683331.1775675,130,1,99
1780683332.2000134,130,1,99
1780683333.2205808,132,1,99
1780683334.2427108,130,1,99
1780683335.2708702,130,1,99
1780683336.3007705,136,1,99
1780683337.3415139,132,1,99
1780683338.3898633,132,1,100
1780683339.4188232,134,1,99
1780683340.4461405,132,1,99
1780683341.4748266,130,1,100
1780683342.509742,130,1,99
1780683343.5414126,130,1,99
1780683344.559049,134,1,99
1780683345.6037285,130,1,99
1780683346.6494262,134,1,99
1780683347.691212,153,1,99
1780683348.7383914,111,1,99
1780683349.7552757,134,1,99
1780683350.7875488,161,1,99
1780683351.8349936,107,1,99
1780683352.863839,130,1,99
1780683353.9130452,160,1,99
1780683354.92988,108,1,99
1780683355.983882,136,1,99
1780683357.032266,132,1,100
1780683358.0846107,134,1,99
1780683359.1325097,136,1,99
1780683360.180434,128,1,100
1780683361.2021995,134,1,99
1780683362.2147584,132,1,99
1780683363.2386823,130,1,99
1780683364.2823434,132,1,99
1780683365.2994018,132,1,99
1780683366.3335311,130,1,99
1780683367.343578,130,1,99
1780683368.3856945,136,1,99
1780683369.4122102,130,1,99
1780683370.4514468,132,1,99
1780683371.4774106,132,1,99
1780683372.4943388,130,1,99
1780683373.5277426,134,1,99
1780683374.5556507,130,1,99
1780683375.572423,130,1,99
1780683376.5925336,132,1,99
1780683377.6079013,130,1,99
1780683378.6311898,130,1,100
1780683379.6554508,132,1,99
1780683380.6710389,132,1,99
1780683381.7222831,130,1,100
1780683382.7620182,138,1,99
1780683383.799665,128,1,99
1780683384.8417437,132,1,99
1780683385.8573318,130,1,100
1780683386.8845828,130,1,99
1780683387.902199,132,1,99
1780683388.9583898,149,1,99
1780683389.9907107,119,1,99
1780683391.0468779,136,1,99
1780683392.0890694,132,1,99
1780683393.1221673,132,1,99
1780683394.1567042,134,1,99
1780683395.1999388,132,1,99
1780683396.226647,134,1,99
1780683397.2837453,144,1,100
1780683398.3136249,120,1,99
1780683399.3311727,130,1,99
1780683400.3618147,134,1,99
1780683401.3781729,130,1,99
1780683402.4105837,132,1,99
1780683403.4427161,134,1,99
1780683404.4747028,151,1,99
1780683405.5037956,111,1,99
1780683406.5430267,136,1,99
1780683407.5632415,130,1,99
1780683408.5942662,130,1,99
1780683409.6274316,132,1,99
1780683410.635856,130,1,99
1780683411.6506696,130,1,99
1780683412.6857345,132,1,99
1780683413.7209816,134,1,99
1780683414.7391684,132,1,99
1780683415.772495,130,1,99
1780683416.7913518,130,1,99
1780683417.8232079,132,1,99
1780683418.8560827,132,1,99
1780683419.8885415,134,1,99
1780683420.9189432,132,1,99
1780683421.9370017,130,1,99
1780683422.9553974,130,1,99
1780683423.9757955,130,1,99
1780683425.0041707,132,1,99
1780683426.0370216,132,1,100
1780683427.051773,132,1,99
1780683428.0987928,134,1,99
1780683429.114257,128,1,99
1780683430.133242,128,1,100
1780683431.1671522,136,1,99
1780683432.1840634,130,1,99
1780683433.2174308,130,1,99
1780683434.2544181,132,1,99
1780683435.288267,134,1,99
1780683436.319802,132,1,99
1780683437.3532095,134,1,99
1780683438.3828228,130,1,99
1780683439.4159384,134,1,99
1780683440.4519491,132,1,99
1780683441.4845161,130,1,99
1780683442.5160396,136,1,99
1780683443.5299237,134,1,99
1780683444.578388,128,1,100
1780683445.6093342,136,1,99
1780683446.6421773,134,1,99
1780683447.658535,128,1,100
1780683448.6934626,132,1,99
1780683449.7250094,136,1,99
1780683450.7609975,130,1,99
1780683451.7960567,130,1,99
1780683452.8271265,136,1,99
1780683453.8606372,130,1,99
1780683454.892637,134,1,99
1780683455.923307,132,1,99
1780683456.9635422,132,1,99
1780683457.9981766,134,1,99
1780683459.0322027,130,1,99
1780683460.0645926,132,1,99
1780683461.094922,134,1,99
1780683462.1254578,130,1,99
1780683463.1662006,132,1,100
1780683464.1844482,132,1,99
1780683465.2320924,134,1,99
1780683466.266747,130,1,100
1780683467.2846425,132,1,99
1780683468.318214,134,1,99
1780683469.3369951,130,1,99
1780683470.354362,130,1,99
1780683471.3870668,132,1,99
1780683472.4178572,132,1,99
1780683473.4503958,132,1,99
1780683474.4653032,130,1,99
1780683475.4866073,132,1,99
1780683476.5053368,130,1,99
1780683477.5367322,130,1,100
1780683478.5672684,132,1,99
1780683479.5994012,134,1,99
1780683480.631635,130,1,100
1780683481.661188,138,1,99
1780683482.6769972,132,1,99
1780683483.6973102,126,1,99
1780683484.71403,130,1,99
1780683485.733706,132,1,99
1780683486.7687333,132,1,99
1780683487.7994552,132,1,99
1780683488.833919,132,1,99
1780683489.8670516,134,1,99
1780683490.896779,132,1,99
1780683491.9130855,130,1,99
1780683492.9326265,132,1,99
1780683493.9682953,132,1,99
1780683495.0005696,132,1,100
1780683496.0287302,132,1,99
1780683497.0617197,134,1,99
1780683498.1076846,134,1,99
1780683499.1229641,128,1,99
1780683500.1549277,136,1,99
1780683501.1741033,130,1,99
1780683502.2231865,132,1,99
1780683503.242638,130,1,99
1780683504.2762873,134,1,99
1780683505.3089888,132,1,99
1780683506.344838,130,1,99
1780683507.3741922,134,1,99
1780683508.4070752,132,1,99
1780683509.4405334,134,1,99
1780683510.4584694,128,1,100
1780683511.5075727,134,1,99
1780683512.5425088,136,1,99
1780683513.571129,128,1,100
1780683514.6025975,134,1,99
1780683515.6509795,134,1,99
1780683516.6833587,136,1,99
1780683517.716725,128,1,100
1780683518.7316628,132,1,99
1780683519.7497168,130,1,99
1780683520.770098,130,1,99
1780683521.787068,132,1,99
1780683522.8219876,130,1,99
1780683523.851755,132,1,99
1780683524.887376,134,1,99
1780683525.9202156,130,1,99
1780683526.9334266,132,1,99
1780683527.953183,130,1,99
1780683528.970353,130,1,99
1780683530.0046093,132,1,99
1780683531.034885,132,1,99
1780683532.0654016,132,1,100
1780683533.0974138,132,1,99
1780683534.146066,136,1,99
1780683535.1772156,134,1,99
1780683536.2117727,130,1,99
1780683537.2459066,132,1,99
1780683538.27887,134,1,99
1780683539.2972915,126,1,100
1780683540.3318233,134,1,99
1780683541.348328,136,1,99
1780683542.380547,128,1,100
1780683543.4126995,134,1,99
1780683544.4288778,130,1,99
1780683545.4484847,130,1,99
1780683546.480753,132,1,99
1780683547.5144343,134,1,99
1780683548.5456593,130,1,99
1780683549.5776787,132,1,99
1780683550.6083527,134,1,99
1780683551.6392596,134,1,99
1780683552.6561651,130,1,99
1780683553.6888723,132,1,99
1780683554.723254,130,1,99
1780683555.7563677,136,1,99
1780683556.7757528,128,1,100
1780683557.8099205,132,1,99
1780683558.832768,134,1,99
1780683559.8776598,132,1,99
1780683560.9097724,134,1,99
1780683561.9290664,132,1,99
1780683562.9569182,130,1,99
1780683563.9679022,132,1,99
1780683565.0066473,128,1,100
1780683566.0395958,132,1,99
1780683567.0709462,134,1,99
1780683568.3719583,166,1,99
1780683569.4045813,132,1,100
1780683570.4362051,132,1,99
1780683571.4652314,136,1,99
1780683572.4873934,128,1,100
1780683573.518592,130,1,99
1780683574.538629,132,1,99
1780683575.5689874,130,1,99
1780683576.598958,130,1,99
1780683577.6469412,136,1,99
1780683578.6650999,130,1,99
1780683579.6937406,134,1,99
1780683580.726288,132,1,99
1780683581.748631,130,1,99
1780683582.7805421,132,1,99
1780683583.800274,130,1,99
1780683584.8179185,130,1,99
1780683585.8329577,130,1,99
1780683586.8638527,130,1,99
1780683587.899549,132,1,99
1780683588.9289231,134,1,99
1780683589.9633706,134,1,99
1780683590.9849477,126,1,100
1780683592.015797,136,1,99
1780683593.030093,130,1,99
1780683594.031174,126,1,100
1780683595.0613794,130,1,99
1780683596.0933409,136,1,99
1780683597.1247952,130,1,99
1780683598.142592,130,1,99
1780683599.1769807,134,1,99
1780683600.1963758,132,1,99
1780683601.2279453,130,1,99
1780683602.2531445,130,1,99
1780683603.2823455,132,1,99
1780683604.3136947,134,1,99
1780683605.3482618,132,1,99
1780683606.3754647,130,1,99
1780683607.409944,132,1,99
1780683608.44282,134,1,99
1780683609.4610045,130,1,99
1780683610.4958773,134,1,99
1780683751.0800884,122,1,99
1780683752.0957787,132,1,99
1780683753.1284552,132,1,99
1780683754.1493907,128,1,100
1780683755.1774993,132,1,99
1780683756.2110243,134,1,99
1780683757.244191,144,1,99
1780683758.2592404,116,1,100
1780683759.2754612,132,1,99
1780683760.3101966,130,1,99
1780683761.3426998,134,1,99
1780683762.3756864,132,1,99
1780683763.4086258,130,1,99
1780683764.4398727,132,1,99
1780683765.4586082,130,1,99
1780683766.489744,134,1,99
1780683767.5273783,132,1,99
1780683768.5584633,132,1,99
1780683769.5914145,134,1,99
1780683770.6218812,130,1,99
1780683771.6477506,134,1,99
1780683772.6970394,132,1,99
1780683773.704139,130,1,99
1780683774.7419436,132,1,99
1780683775.7729416,132,1,100
1780683776.784843,134,1,99
1780683777.8437862,136,1,99
1780683778.8575966,130,1,99
1780683779.8838685,130,1,99
1780683780.9359796,136,1,99
1780683781.9748724,130,1,99
1780683783.0016136,132,1,99
1780683784.0231113,132,1,99
1780683785.0523646,134,1,99
1780683786.0878549,138,1,99
1780683787.1412969,132,1,100
1780683788.1715465,132,1,99
1780683789.1887262,132,1,99
1780683790.2166584,128,1,100
1780683791.248853,134,1,99
1780683792.2845888,134,1,99
1780683793.3279052,134,1,99
1780683794.3906815,134,1,99
1780683795.4127662,132,1,99
1780683796.4421735,130,1,99
1780683797.462534,130,1,99
1780683798.479351,132,1,99
1780683799.5133874,132,1,99
1780683800.5468996,136,1,99
1780683801.5825882,132,1,99
1780683802.6019065,128,1,99
1780683803.6329427,136,1,99
1780683804.641951,130,1,99
1780683805.6833234,130,1,99
1780683806.7157586,132,1,99
1780683807.746908,136,1,99
1780683808.7615705,128,1,100
1780683809.8097587,132,1,99
1780683810.8213294,132,1,99
1780683811.8718739,134,1,99
1780683812.890143,130,1,99
1780683813.9066885,132,1,99
1780683814.9365375,130,1,99
1780683815.9570615,132,1,99
1780683816.9877372,132,1,99
1780683818.0255723,142,1,99
1780683819.060554,126,1,99
1780683820.093475,128,1,100
1780683821.144327,136,1,99
1780683822.1779556,132,1,99
1780683823.1846864,128,1,100
1780683824.2261271,132,1,99
1780683825.2608755,134,1,99
1780683826.289647,159,1,99
1780683827.3316953,105,1,99
1780683828.3673818,132,1,99
1780683829.4148433,134,1,99
1780683830.4460957,132,1,99
1780683831.4753764,134,1,99
1780683832.513626,130,1,99
1780683833.5447474,134,1,99
1780683834.5819073,132,1,99
1780683835.6125667,132,1,99
1780683836.6485898,135,1,99
1780683837.6870475,135,1,99
1780683838.7363806,132,1,100
1780683839.7691038,132,1,99
1780683840.8020449,134,1,99
1780683841.8384368,134,1,99
1780683842.8869977,132,1,99
1780683843.9050653,132,1,99
1780683844.9529305,132,1,99
1780683845.9835541,134,1,99
1780683847.020837,132,1,99
1780683848.0533369,134,1,99
1780683849.083817,132,1,99
1780683850.1168883,132,1,99
1780683851.149659,136,1,99
1780683852.1858277,130,1,99
1780683853.217569,130,1,99
1780683854.243478,136,1,99
1780683855.2899225,159,1,99
1780683856.3059177,107,1,99
1780683857.3580573,134,1,99
1780683858.389604,132,1,99
1780683859.406912,132,1,99
1780683860.460923,132,1,100
1780683861.4943216,153,1,99
1780683862.5277162,113,1,99
1780683863.5634212,136,1,99
1780683864.5969326,130,1,99
1780683865.6303008,134,1,99
1780683866.6578412,134,1,99
1780683867.678372,128,1,100
1780683868.7139804,132,1,99
1780683869.7458682,136,1,99
1780683870.7760148,130,1,99
1780683871.8073611,134,1,99
1780683872.8354294,136,1,99
1780683873.8699048,130,1,99
1780683874.9017174,134,1,99
1780683875.9337733,132,1,99
1780683876.967522,130,1,99
1780683877.9825914,132,1,99
1780683879.0065672,130,1,99
1780683880.0406802,134,1,99
1780683881.0581334,132,1,99
1780683882.0906005,132,1,99
1780683883.1080606,130,1,99
1780683884.1366355,130,1,99
1780683885.1684473,132,1,99
1780683886.2051313,132,1,100
1780683887.2239046,132,1,99
1780683888.2542257,130,1,99
1780683889.2838316,132,1,99
1780683890.3315163,134,1,99
1780683891.3782318,136,1,99
1780683892.4114926,130,1,99
1780683893.4416435,134,1,99
1780683894.4768946,132,1,99
1780683895.511829,132,1,99
1780683896.5164323,134,1,99
1780683897.549333,128,1,100
1780683898.5985236,138,1,99
1780683899.632816,134,1,99
1780683900.6521544,130,1,99
1780683901.6820924,132,1,99
1780683902.7014155,132,1,99
1780683903.7335107,132,1,99
1780683904.7641094,134,1,99
1780683905.7970507,134,1,99
1780683906.8269565,128,1,99
1780683907.857795,134,1,99
1780683908.8752449,132,1,99
1780683909.9079573,130,1,99
1780683910.9392686,132,1,99
1780683911.9688973,136,1,99
1780683913.0041788,130,1,99
1780683914.0351605,136,1,99
1780683915.0725443,132,1,99
1780683916.1095617,136,1,99
1780683917.1616645,134,1,99
1780683918.176805,132,1,99
1780683919.2918203,128,1,100
1780683920.4842098,168,1,99
1780683921.504177,134,1,99
1780683922.5500362,130,1,99
1780683923.586877,132,1,100
1780683924.6209183,138,1,99
1780683925.640337,130,1,99
1780683926.6750276,132,1,99
1780683927.6909811,130,1,99
1780683928.7266598,130,1,99
1780683929.7414026,132,1,99
1780683930.7574253,130,1,99
1780683931.7885938,154,1,99
1780683932.8186831,114,1,99
1780683933.847753,132,1,99
1780683934.8807688,128,1,100
1780683935.9122891,136,1,99
1780683936.960682,136,1,99
1780683937.988939,130,1,99
1780683939.0234988,134,1,99
1780683940.062585,134,1,99
1780683941.0963888,136,1,99
1780683942.1313014,132,1,99
1780683943.1652818,134,1,99
1780683944.1716108,132,1,99
1780683945.2192373,130,1,99
1780683946.2344377,132,1,99
1780683947.2701817,134,1,99
1780683948.2966275,132,1,99
1780683949.3186047,132,1,99
1780683950.3327563,132,1,99
1780683951.3781562,132,1,99
1780683952.431028,132,1,100
1780683953.4603076,134,1,99
1780683954.5021865,136,1,99
1780683955.5197873,132,1,99
1780683956.554704,132,1,99
1780683957.5904787,138,1,99
1780683958.6241696,130,1,99
1780683959.6566093,132,1,99
1780683960.6741834,134,1,99
1780683961.7154377,130,1,99
1780683962.7307305,132,1,99
1780683963.75937,130,1,99
1780683964.7962377,134,1,99
1780683965.8280954,132,1,99
1780683966.8639314,136,1,99
1780683967.8791645,124,1,100
1780683968.918356,138,1,99
1780683969.9512668,134,1,99
1780683970.9841871,130,1,100
1780683972.0131252,134,1,99
1780683973.0476604,132,1,99
1780683974.0611851,132,1,99
1780683975.0703788,130,1,99
1780683976.102394,136,1,99
1780683977.1186805,126,1,99
1780683978.1735885,136,1,99
1780683979.2184806,136,1,99
1780683980.2672346,136,1,99
1780683981.271302,132,1,99
1780683982.2911515,126,1,100
1780683983.3313308,134,1,99
1780683984.3744094,136,1,99
1780683985.4333298,134,1,99
1780683986.4665215,134,1,99
1780683987.521895,136,1,99
1780683988.5716805,136,1,99
1780683989.6004326,126,1,100
1780683990.6365924,136,1,99
1780683991.677984,138,1,99
1780683992.7336607,134,1,99
1780683993.7862597,134,1,99
1780683994.8433037,136,1,99
1780683995.8816051,134,1,99
1780683996.9447596,138,1,99
1780683997.9877627,157,1,99
1780683999.022154,107,1,99
1780684000.067637,136,1,99
1780684001.1065,132,1,99
1780684002.1524317,132,1,99
1780684003.1678915,136,1,99
1780684004.203684,129,1,99
1780684005.2439883,131,1,99
1780684006.2844534,138,1,99
1780684007.28491,129,1,99
1780684008.3125973,131,1,99
1780684009.349033,134,1,99
1780684010.3929665,134,1,99
1780684011.4286284,136,1,99
1780684012.4473064,128,1,99
1780684013.4821725,134,1,99
1780684014.5149968,132,1,99
1780684015.546224,132,1,99
1780684016.5762606,132,1,99
1780684017.609505,132,1,99
1780684018.6234596,132,1,99
1780684019.669433,134,1,99
1780684020.686252,132,1,99
1780684021.7176645,132,1,99
1780684022.7503977,136,1,99
1780684023.7751749,128,1,100
1780684024.8098283,140,1,99
1780684025.8262444,130,1,99
1780684026.871798,128,1,100
1780684027.8785532,132,1,99
1780684028.9210365,132,1,99
1780684029.9591508,132,1,99
1780684030.9709463,132,1,99
1780684032.0077212,132,1,99
1780684033.02944,130,1,99
1780684034.0583565,132,1,99
1780684035.069765,132,1,99
1780684036.10601,130,1,99
1780684037.1413057,134,1,99
1780684038.190964,134,1,99
1780684039.20487,132,1,99
1780684040.235594,128,1,99
1780684041.2566419,132,1,99
1780684042.291485,132,1,99
1780684043.3388712,134,1,99
1780684044.3549013,132,1,99
1780684045.3713717,132,1,99
1780684046.4026685,132,1,99
